p,a,37815,0.2886638136417259
a,c,41787,0.3189843919250773
c,k,7835,0.05980909638722524
k,a,22486,0.17164867152050373
a,g,18147,0.13852656951358983
g,e,79677,0.6082207240389209
e, ,60239,0.459839203225279
 ,c,56521,0.43145755416749937
c,o,102273,0.7807090893185304
o,m,43798,0.33433552055745897
m,.,30281,0.23115242472259953
.,m,31596,0.24119058193372922
m,o,37654,0.28743480732157994
o,v,28953,0.22101503097630276
v,e,50133,0.3826942475023309
e,s,133042,1.015586700899709
s,o,69299,0.5289994346570928
o,l,64412,0.4916941310139058
l,.,45655,0.3485110779270923
.,k,13200,0.10076325109270876
a,r,75384,0.5754497666949058
r,t,75184,0.5739230507692588
t,o,59067,0.450892647900987
o,.,17058,0.13021360129844137
o,d,25512,0.19474788347554436
d,e,73107,0.5580681058814135
e,l,45796,0.3495874126546735
.,x,2489,0.01899997969467819
x,r,20850,0.15916013524871042
r,e,172116,1.3138611912933833
e,f,38415,0.2932439614186672
f,.,4606,0.03516026776765277
.,d,5395,0.04118316209433059
e,t,110598,0.8442586397235912
t,a,71791,0.5480223150906556
a,i,12150,0.09274799248306147
i,l,54746,0.4179079503273813
l,;,4959,0.0378549213764199
;,"
",142192,1.0854339544980638
"
","
",29563,0.22567151454952644
"
",i,33302,0.254213468779499
i,m,45570,0.3478622236586923
m,p,50543,0.3858240151499075
p,o,56349,0.43014457847144283
o,r,98841,0.7545106440344262
t, ,65328,0.4986864899533695
.,f,16583,0.1265876509750295
f,a,23817,0.1818089660056852
a,s,39753,0.3034576909612463
s,t,119723,0.9139150538312402
t,e,122281,0.9334417505202666
e,r,161302,1.2313116611936445
r,x,1714,0.013083955482795668
x,m,1965,0.01499998396948278
m,l,3768,0.028763328039191408
.,j,7514,0.057358717326561635
j,a,11461,0.0874884561192072
k,s,3900,0.029770960550118495
o,n,101555,0.7752281791454574
n,.,11365,0.0867556324748966
.,a,29630,0.2261829643846182
a,n,35895,0.2740073407555137
n,n,10485,0.08003808240204933
n,o,16655,0.12713726870826245
o,t,15179,0.11587010517698683
a,t,99042,0.7560449935397016
t,i,107952,0.82406018802728
i,o,60841,0.4644346181614768
j,s,13243,0.10109149501672288
n,c,24047,0.18356468932017936
c,r,8116,0.061954132262759413
e,a,27725,0.21164099519282956
r,;,8633,0.06590069293055717
n,i,12224,0.0933128773755509
i,g,12513,0.09551898188811096
g,n,2594,0.019801505555642918
e,p,15997,0.12211437331288348
p,r,38421,0.2932897628964366
r,o,40470,0.3089309675546912
o,p,16764,0.12796932888774012
p,e,45024,0.34369428918167566
i,e,17109,0.13060291385948136
s,;,5710,0.04358773967722477
i,n,162243,1.2384948596238141
c,l,25493,0.1946028454626079
l,u,19419,0.1482364828007054
u,d,4403,0.03361065110312096
e,;,17470,0.1333586361052744
n,p,6479,0.04945796241133788
t,y,29762,0.2271905968955453
y,;,3322,0.02535875152499837
e,c,41309,0.31533554086278076
r,a,51343,0.3919308788524959
r,.,26050,0.1988547493155351
.,t,9088,0.06937397166140433
r,g,9013,0.06880145318928667
t,x,8935,0.0682060339782843
f,d,1070,0.008167930202211997
d,u,4458,0.034030497982673914
u,p,7406,0.0565342907267122
p,l,8257,0.06303046699034062
l,i,73936,0.5643963433932208
i,c,50790,0.3877095093180816
c,a,39646,0.3026408979410251
.,u,9781,0.07466404234377154
u,t,36733,0.28040428048397503
a,v,11018,0.08410678034389887
v,a,35037,0.26745772943448765
a,.,9529,0.07274038027745619
.,c,26365,0.20125932689842926
l,l,37590,0.2869462582253729
l,e,69530,0.5307627915512151
c,t,50903,0.38857210381607227
n,u,23113,0.1764349259474074
"
",@,926,0.007068694735746084
@,j,4819,0.036786220228466934
s,(,18978,0.14487007418465353
(,i,8961,0.06840450704861842
e,u,3076,0.023480890936452434
u,n,15323,0.11696934064345275
n,k,2732,0.020854939544339417
k,n,319,0.0024351119014071284
o,w,4647,0.03547324453241042
w,n,1030,0.007862587017082577
n,=,352,0.0026870200291389
=,t,74,0.0005648848924894278
t,r,60400,0.46106820954542493
r,u,14918,0.11387774089401737
u,e,19894,0.15186243312411726
e,),16131,0.12313727298306704
),"
",10124,0.07728236015625632
e,(,33179,0.253274538485226
(,j,1706,0.013022886845769783
e,.,34839,0.265946280668097
.,i,15513,0.1184197207728175
.,n,6750,0.0515266624905897
n,_,985,0.007519075933811979
_,e,1031,0.007870220596710813
e,m,46809,0.35732022881807607
p,t,15597,0.11906094146158928
y,),2567,0.01959539890568056
"
",p,2305,0.017595401043082853
p,u,24492,0.18696163225474416
u,b,24092,0.18390820040344996
b,l,32479,0.2479310327454612
c, ,24806,0.18935857625801011
l,a,22935,0.17507614877358146
s,s,39469,0.3012897543468274
s, ,22467,0.17150363350756725
 ,x,4166,0.03180149273122914
 ,{,54367,0.4150148236482801
{,"
",50773,0.38757973846440164
"
", ,245075,1.8707995273898181
 , ,1812190,13.833496666492112
 ,"
",14201,0.1084044643005725
 ,@,15355,0.11721361519155628
y,(,10979,0.08380907073839769
(,"""",27239,0.20793107549350712
"""",l,6138,0.046854911758109574
i,b,18638,0.14227465711105347
b,r,14883,0.11361056560702912
r,y,30230,0.2307631121615595
y,"""",1239,0.0094580051593838
"""",),24073,0.18376316239051346
 ,p,48183,0.3678087672272717
r,i,65477,0.4998238933179766
i,v,21681,0.16550363991977413
 ,f,63172,0.4822284922748937
f,i,93186,0.7113427512367544
n,a,75951,0.5797780063441154
a,l,96764,0.738655699146581
l, ,52809,0.40312170658748914
 ,s,63424,0.4841521543412091
n,g,50961,0.3890148514345099
g, ,20256,0.15462578894953852
 ,l,26930,0.20557229938838234
"""",r,1575,0.01202288791447093
f,e,8015,0.06118314072030763
e,n,73912,0.5642131374821432
c,e,67980,0.5189307431274501
e,"""",4297,0.03280149166252799
 ,r,54516,0.4161522270128872
"""",x,286,0.0021832037736753563
f,t,1138,0.008687013616932013
y,p,10411,0.07947319750955992
"""",d,2179,0.01663357000992518
s,i,20352,0.15535861259384914
n,s,18091,0.13809908905440865
s,a,10430,0.07961823552249639
a,m,33361,0.2546638499775649
m,e,45887,0.3502820684008429
 ,i,64833,0.49490786803739295
n,t,69920,0.533739887606227
e,g,7017,0.053564828251328585
r, ,23233,0.17735095550279564
 ,d,14668,0.11196934598695849
n,l,1028,0.007847319857826105
y,o,1553,0.01185494916264975
r,d,6853,0.05231292119229796
r,"""",1383,0.010557240625849713
s,n,1578,0.012045788653355637
"""",i,2388,0.018228988152226403
i,t,69754,0.5324727133879399
m,c,1071,0.008175563781840233
o,u,25234,0.1926257483388949
t,"""",2930,0.02236638831073005
t,;,10022,0.0765037350341763
"""",o,342,0.002610684232856545
o,c,18700,0.14274793904800406
c,c,13300,0.1015266090555323
c,u,6083,0.04643506487855662
u,r,57963,0.442465175991415
r,r,21443,0.16368684796825408
s,"""",2717,0.020740435849915886
 ,o,16904,0.12903803003569309
r,"
",1364,0.010412202612913238
(,@,650,0.0049618267583530825
), ,55218,0.4215109999119085
y,",",2462,0.01879387304471583
",","
",6418,0.048992314054015516
e,",",9539,0.07281671607373855
r,",",3940,0.030076303735247917
t,",",4657,0.03554958032869278
s,),9503,0.07254190720712207
 ,t,42919,0.3276256040642399
t,h,48482,0.3700912075361141
h,i,17200,0.1312975696056508
i,s,47521,0.36275533751337974
s,.,41153,0.314144702440776
.,r,8609,0.06571748701947952
 ,=,53094,0.40529727678153626
=, ,60166,0.45928195191241783
.,l,8215,0.06270985664595473
y, ,8440,0.06442741206230772
.,o,3003,0.02292363962359124
 ,},47436,0.36210648324497974
},"
",41915,0.3199614901174915
(,f,15579,0.11892353702828104
l,o,25938,0.1979997883971727
n,e,53259,0.4065568174201951
e,w,30380,0.23190814910579485
w,a,4597,0.03509156555099865
a,y,5013,0.03826713467634462
l,",",3329,0.02541218658239602
r,),4447,0.033946528606763324
.,g,34745,0.2652287241830429
(,),61708,0.47105293169915696
),;,70549,0.5385414091923871
t,l,6494,0.049572466105761416
.,s,28714,0.21919060544515448
i,z,4515,0.034465612021483336
z,e,5658,0.04319079353655653
(,t,6966,0.053175515690288576
t,t,14477,0.1105113322779655
f,s,6942,0.052992309779210926
),),37344,0.28506839763682695
r,(,13427,0.10249607366831821
 ,0,3387,0.02585493420083368
0,;,748,0.005709917561920162
 ,g,14438,0.11021362267246432
t,u,44712,0.3413126123376662
r,n,25051,0.19122880326692782
n, ,40685,0.3105721871747618
t,d,4571,0.03489309248066452
t,(,24067,0.18371736091274407
@,o,5521,0.04214499312748826
i,d,23228,0.17731278760465446
e,"
",8116,0.061954132262759413
 ,h,7514,0.057358717326561635
h,a,14439,0.11022125625209256
s,h,12281,0.09374799141436033
h,c,2545,0.019427460153859377
 ,3,2634,0.02010684874077234
3,1,787,0.006007627167421347
1,;,1420,0.010839683072094427
s,u,36070,0.2753432171904549
u,l,55864,0.42644229235174863
l,t,38055,0.2904958727525024
 ,1,6514,0.04972513769832612
 ,*,18992,0.14497694429944885
*, ,16026,0.12233574712210231
 ,+,5385,0.04110682629804823
+, ,5244,0.04003049157046702
 ,(,29652,0.2263509031364394
(,(,2719,0.020755703009172358
(,l,4604,0.035145000608396294
=,=,7633,0.05826711330232166
 ,n,39255,0.29965616830638503
l,),13347,0.10188538729805938
 ,?,2145,0.016374028302565173
?, ,2369,0.018083950139289928
0, ,1724,0.013160291279078022
 ,:,4733,0.03612973238043868
:, ,5927,0.04524422645655188
y,.,12791,0.09764111702476043
.,h,4710,0.03595416004898926
(,r,4952,0.037801486319022255
(,x,1345,0.010267164599976763
 ,b,10419,0.07953426614658579
b,o,20847,0.15913723450982573
o,o,7321,0.055885436458312183
 ,e,29793,0.2274272378640206
e,q,13991,0.10680141257864305
q,u,16754,0.12789299309145777
u,a,10503,0.08017548683535758
l,s,26477,0.20211428781679164
(,o,5340,0.040763315214777635
o,b,28596,0.21828984304902269
b,j,12805,0.09774798713955572
j,e,13143,0.10032813705389933
j,),1321,0.010083958688899112
i,f,26092,0.19917535965992098
f, ,27798,0.21219824650569075
j, ,650,0.0049618267583530825
s,e,82420,0.6291596329591709
(,g,2713,0.020709901531402945
t,c,10237,0.07814495465424694
 ,!,7502,0.05726711437102281
!,=,6811,0.051992310847912074
j,.,1808,0.013801511967849806
h,e,30560,0.23328219343887724
j,;,510,0.003893125610400111
}, ,7885,0.06019077536863701
(,!,2904,0.022167915240395925
!,l,129,0.000984731772042381
.,e,12400,0.09465638739012035
!,r,181,0.0013816779127106276
!,x,42,0.0003206103443858915
o,s,11336,0.08653425866567777
g,(,5951,0.04542743236762953
g,b,2653,0.020251886753708814
b,u,11101,0.08474036745304242
u,i,10805,0.08248082788308471
l,d,22961,0.1752746218439156
w, ,24453,0.18666392264924297
a,p,28229,0.21548831932546025
p,p,16542,0.12627467421027183
n,d,36388,0.2777706955122338
d,(,23638,0.18044255525223102
 ,[,1190,0.00908395975760026
[,l,226,0.0017251889959812258
y,=,155,0.0011832048423765043
=,"""",2926,0.022335853992217106
),.,16026,0.12233574712210231
"""",",",27233,0.2078852740157377
",", ,98385,0.7510297317239508
e,=,964,0.007358770761619033
 ,.,3788,0.028915999631756117
(,d,3342,0.02551142311756308
r,=,175,0.0013358764349412145
t,=,257,0.0019618299644565264
t,),6333,0.048343459785615495
s,=,389,0.002969462475383614
"""",],671,0.0051221319305460285
],"""",970,0.0074045722393884465
g,.,6373,0.04864880297074492
f,o,14631,0.11168690354071377
r,m,4132,0.031541951023869134
m,a,20813,0.15887769280246572
"""",n,1617,0.012343498258856823
o, ,3678,0.028076305872650212
 ,w,5169,0.039457973098349364
w,i,2668,0.020366390448132345
h, ,6190,0.04725185789877782
 ,%,839,0.006404573308089594
%,s,1169,0.008923654585407313
s,",",6403,0.04887781035959198
 ,a,19900,0.15190823460188668
d, ,14384,0.1098014093725396
d,.,3821,0.02916790775948789
.,"""",949,0.0072442670671955004
"
",},2378,0.018152652355944047
r,v,17156,0.13096169210200845
v,i,28093,0.21445015249602023
a,k,9200,0.07022893257976671
k,t,8346,0.06370985557725359
.,w,6167,0.0470762855673284
w,e,1922,0.014671740045468654
e,b,2660,0.02030532181110646
b,s,5291,0.040389269812994094
.,v,4539,0.034648817932560985
h,t,6572,0.050167885316763784
t,p,19220,0.14671740045468654
p,s,4368,0.033343475816132714
a,d,20881,0.15939677621718573
r,_,1064,0.008122128724442585
_,i,992,0.007572510991209628
f,_,317,0.0024198447421506573
_,m,327,0.0024961805384330123
d,i,10316,0.07874800744487755
e,d,27686,0.21134328558732837
d,_,1308,0.00998472215373205
_,s,3079,0.02350379167533714
_,x,271,0.0020687000792518236
x,_,1795,0.013702275432682744
m,s,5997,0.045778577030528365
l,_,5287,0.04035873549448115
_,a,727,0.005549612389727217
a,u,6472,0.049404527353940235
h,o,3509,0.02678623091547841
z,a,424,0.003236637762371857
n,;,4897,0.0373816394394693
 ,j,13060,0.09969454994475578
t,.,23872,0.18222881288523815
e,x,38428,0.29334319795383423
x,e,6535,0.04988544287051907
x,c,7444,0.05682436675258515
s,l,2105,0.01606868511743575
l,f,1702,0.012992352527256841
f,4,1142,0.008717547935444955
4,j,1144,0.008732815094701425
o,g,15823,0.1207861304575705
g,g,7187,0.05486253678812862
r,f,3478,0.02654958994700311
o,i,18843,0.14383954093484175
m,;,3023,0.023076311216155953
y,u,495,0.0037786219159765782
x,.,3197,0.02440455407146893
f,u,8296,0.0633281765958418
x,;,626,0.00477862084727543
.,b,3443,0.026282414660014866
u,f,1035,0.007900754915223756
f,f,3419,0.026099208748937217
x,t,9909,0.07564114053618569
b,.,1019,0.007778617641171987
b,c,871,0.0066488478561931305
y,i,2729,0.02083203880545471
t,s,25403,0.1939158232960667
 ,k,4361,0.03329004075873507
r,l,2028,0.015480899486061617
y,t,1368,0.01044273693142618
o,k,2105,0.01606868511743575
k,e,9231,0.07046557354824201
n,",",1842,0.014061053675209812
 ,v,9998,0.07632052912309864
x, ,2167,0.016541967054386354
x,),921,0.007030526837604906
(,v,1877,0.014328228962198056
x,",",861,0.006572512059910776
d,f,2563,0.019564864587167618
y,r,1087,0.008297701055892002
s,p,8071,0.06161062117948882
@,s,288,0.0021984709329318274
s,w,689,0.0052595363638542674
g,s,3011,0.022984708260617125
"""",u,755,0.005763352619317812
u,s,13377,0.10211439468690645
d,"""",1981,0.015122121243534549
t,<,11414,0.08712967787668013
<,c,1181,0.009015257540946139
m,>,1301,0.009931287096334401
>, ,22244,0.16980134525047072
"""",s,4606,0.03516026776765277
<,i,1959,0.014954182491713368
w,o,3922,0.029938899301939676
r,k,2866,0.021877839214522975
 ,q,755,0.005763352619317812
h,r,3675,0.028053405133765506
w,s,6172,0.04711445346546958
 ,"""",27099,0.20686237434555413
"""",c,6803,0.051931242210886186
f,r,7897,0.060282378324175837
m, ,10330,0.07885487755967284
b,e,4048,0.03090073033509735
"""",;,1402,0.010702278638786188
(,e,5274,0.04025949895931409
n,(,9711,0.07412969176979506
 ,u,5690,0.043435068084660064
t,f,4447,0.033946528606763324
l,(,3786,0.02890073247249965
t,/,472,0.0036030495845271616
/,i,151,0.0011526705238635623
m,/,177,0.0013511435941976856
/,l,217,0.001656486779327106
"""",w,547,0.004175568056644825
"""",q,87,0.0006641214276564895
<,b,410,0.00312976764757656
r,>,1149,0.008770982992842603
a,b,15625,0.11927468169117987
(,u,1330,0.01015266090555323
.,p,9340,0.07129763372771968
(,h,2495,0.019045781172447603
n,),4317,0.032954163255092705
n,f,15674,0.11964872709296341
o,(,2018,0.015404563689779263
{,},3365,0.025686995449012498
},"""",1475,0.01125952995164738
r,s,17468,0.13334336894601792
p, ,2006,0.015312960734240436
 ,-,6808,0.051969410109027364
-,>,4991,0.03809919592452344
e,<,3588,0.027389283706109015
<,s,6116,0.04668697300628839
>,>,2982,0.022763334451398297
d,y,1832,0.013984717878927458
p,.,2014,0.01537402937126632
y,a,519,0.003961827827054231
s,c,14287,0.10906095214860076
 ,2,2841,0.021686999723817088
2,0,674,0.005145032669430735
0,0,2004,0.015297693574983966
0,),1508,0.011511438079379151
d,v,837,0.006389306148833124
(,b,1201,0.00916792913351085
k,i,671,0.0051221319305460285
(,k,1226,0.009358768624216737
u,c,6114,0.04667170584703192
e,e,6148,0.046931247554391924
s,d,836,0.006381672569204888
u,g,449,0.003427477253077745
(,{,330,0.002519081277317719
},),2470,0.018854941681741715
),:,37,0.0002824424462447139
},.,316,0.0024122111625224218
),",",16225,0.12385482946812118
c,h,16416,0.12531284317711416
"""",e,2173,0.016587768532155767
w,h,2800,0.021374022959059432
i,a,4275,0.03263355291070681
z,i,100,0.0007633579628235511
s,:,636,0.004854956643557786
t,m,5190,0.039618278270542304
(, ,24,0.0001832059110776523
(,n,13033,0.09948844329479342
 ,|,1282,0.009786249083397926
|, ,1309,0.009992355733360285
e,v,5404,0.0412518643109847
{,"""",337,0.0025725163347153674
"""",},320,0.002442745481035364
(,s,8073,0.061625888338745285
!,i,421,0.0032137370234871505
!,s,749,0.005717551141548398
"""",f,944,0.007206099169054323
[,"""",158,0.0012061055812612109
d,a,23615,0.1802669829207816
l,v,12320,0.09404570101986151
d,l,7195,0.05492360542515451
l,1,2959,0.022587762119948878
1,.,894,0.006824420187642548
l,n,716,0.005465643013816627
g,m,2975,0.022709899394000647
f,;,1177,0.008984723222433197
1,p,331,0.0025267148569459545
s,b,2990,0.02282440308842418
b,;,125,0.000954197453529439
1,n,28,0.00021374022959059434
d,s,8490,0.0648090910437195
1,x,306,0.0023358753662400668
f,"""",373,0.002847325201331846
f,",",938,0.00716029769128491
b,"""",401,0.00306106543092244
b, ,435,0.0033206071382824477
b,),283,0.0021603030347906497
b,(,159,0.0012137391608894464
m,<,282,0.002152669455162414
g,>,3018,0.023038143318014775
m,r,768,0.005862589154484873
o,f,8488,0.06479382388446303
f,(,2681,0.020465626983299408
<,t,1492,0.011389300805327384
f,>,968,0.007389305080131975
m,t,926,0.007068694735746084
<,?,942,0.007190832009797852
t,>,3683,0.02811447377079139
f,),1379,0.010526706307336771
"""", ,3058,0.023343486503144197
[,x,8,6.106863702588409e-05
f,=,119,0.0009083959757600259
b,=,15,0.00011450369442353267
(,p,4123,0.03147324880721501
s,r,3311,0.02527478214908778
r,c,22901,0.17481660706622146
c,.,1295,0.009885485618564989
o,e,2708,0.020671733633261767
y,l,4023,0.030709890844391463
h,m,1486,0.01134349932755797
p,;,1559,0.011900750640419164
a,x,1165,0.008893120266894372
e,i,4324,0.03300759831249035
i,j,186,0.0014198458108518053
j,u,680,0.005190834147200148
n,y,724,0.00552671165084251
i,.,1037,0.007916022074480226
l,g,749,0.005717551141548398
g,i,6844,0.052244218975643845
s,y,2861,0.0218396713163818
y,s,6683,0.051015212655497924
g,o,2016,0.015389296530522793
g,l,3767,0.028755694459563174
m,m,4159,0.031748057673831494
b,a,3727,0.028450351274433752
b,m,630,0.0048091551657883725
f,y,212,0.0016183188811859286
f,h,124,0.0009465638739012034
m,d,1331,0.010160294485181466
i,;,179,0.0013664107534541567
d,d,12621,0.0963434084879604
g,r,9365,0.07148847321842557
n,r,2867,0.021885472794151213
g,u,5541,0.042297664720052974
d,o,4106,0.03134347795353501
u,m,8575,0.06545794531211951
t,b,1616,0.012335864679228587
"
",c,61,0.00046564835732236623
 ,/,7283,0.055595360432439234
/,*,5436,0.04149613885908824
*,*,5974,0.04560300469907895
., ,3333,0.02544272090090896
*,/,5398,0.04120606283321529
/,"
",5404,0.0412518643109847
r,<,2075,0.015839677728588686
?,>,593,0.004526712719543659
g,f,1180,0.009007623961317903
<,l,1002,0.007648846787491983
<,>,3212,0.024519057765892464
>,(,3532,0.02696180324692783
d,b,1284,0.009801516242654398
(,"
",316,0.0024122111625224218
d,),2968,0.022656464336603
d,t,1937,0.014786243739892187
<,d,767,0.005854955574856637
i,>,232,0.0017709904737506388
i,(,235,0.0017938912126353452
i, ,1508,0.011511438079379151
i,),457,0.003488545890103629
t,n,3374,0.025755697665666617
i,+,315,0.0024045775828941862
+,+,609,0.0046488499935954265
+,;,189,0.0014427465497365117
n,>,1784,0.013618306056772153
d,",",2252,0.017190821322786373
@,n,56,0.00042748045918118867
x,(,826,0.006305336772922532
(,a,3025,0.023091578375412425
 ,>,668,0.005099231191661322
|,|,1134,0.00865647929841907
h,(,3696,0.028213710305958453
 ,&,2313,0.017656469680108738
&,&,2322,0.01772517189676286
&, ,2330,0.017786240533788744
k,;,1199,0.009152661974254378
g,h,2691,0.02054196277958176
(,5,118,0.0009007623961317904
5,8,129,0.000984731772042381
8,),368,0.0028091573031906684
h,;,1238,0.009450371579755564
t,w,1019,0.007778617641171987
(,w,519,0.003961827827054231
 ,8,594,0.004534346299171894
8,0,181,0.0013816779127106276
h,.,1447,0.011045789722056786
t,v,2802,0.021389290118315904
h,),1542,0.011770979786739159
l,>,612,0.0046717507324801335
(,c,7529,0.05747322102098517
h,",",1437,0.01096945392577443
m,n,3286,0.025083942658381892
k,c,74,0.0005648848924894278
<,a,437,0.003335874297538919
e,>,1911,0.014587770669558063
p,<,3590,0.027404550865365487
h,l,140,0.0010687011479529717
"""",b,662,0.005053429713891909
"""",h,345,0.0026335849717412517
/,/,3291,0.02512211055652307
/, ,2987,0.022801502349539475
s,"
",1363,0.010404569033285002
a,(,837,0.006389306148833124
p,i,3684,0.028122107350419624
c,i,4077,0.03112210414431618
"""",p,1785,0.013625939636400389
n,"""",2373,0.01811448445780287
t,g,3090,0.02358776105124773
r,p,1798,0.01372517617156745
p,n,313,0.002389310423637715
"""",g,825,0.006297703193294297
d,n,1316,0.010045790790757934
"""",v,591,0.0045114455602871875
t,j,616,0.004702285050993076
!,f,161,0.0012290063201459173
1,),1578,0.012045788653355637
g,t,2566,0.019587765326052324
(,',630,0.0048091551657883725
',",",164,0.001251907059030624
",",',11,8.396937591059063e-05
',),867,0.006618313537680188
"""",j,1164,0.008885486687266136
<,f,1035,0.007900754915223756
l,<,216,0.0016488531996988705
m,(,11179,0.08533578666404479
i,r,4264,0.03254958353479622
d,r,3667,0.02799233649673962
%, ,30,0.00022900738884706534
"""",.,1006,0.007679381106004925
n,j,1278,0.009755714764884984
i,p,4365,0.03332057507724801
g,;,1248,0.009526707376037918
g,c,2721,0.020770970168428826
@,i,598,0.004564880617684836
t,"
",1895,0.014465633395506295
@,g,219,0.0016717539385835772
g,"
",508,0.00387785845114364
@,d,407,0.0031068669086918533
h,"""",485,0.0037022861196942232
v,o,5208,0.03975568270385055
@,r,1523,0.011625941773802684
.,<,104,0.0007938922813364932
<,m,472,0.0036030495845271616
g,",",2935,0.02240455620887123
>,r,34,0.0002595417073600074
n,v,1204,0.009190829872395556
y,_,785,0.005992360008164877
_,o,516,0.003938927088169524
(,m,2247,0.017152653424645194
 ,m,11643,0.08887776761154606
t,_,2783,0.02124425210537943
_,f,1145,0.008740448674329661
m,"""",1915,0.014618304988071006
<,g,162,0.0012366398997741529
f,:,56,0.00042748045918118867
:,:,1341,0.010236630281463821
:,g,565,0.004312972489953064
m,",",2753,0.021015244716532364
s,f,1741,0.013290062132758027
m,:,98,0.0007480908035670801
:,c,305,0.0023282417866118312
o,),563,0.004297705330696593
g,:,197,0.0015038151867623958
m,),3051,0.023290051445746546
[,i,393,0.002999996793896556
m,=,363,0.0027709894050494907
w,r,3718,0.028381649057779634
m,w,1241,0.00947327231864027
g,v,228,0.0017404561552376966
{, ,337,0.0025725163347153674
p,b,745,0.005687016823035456
b,y,2965,0.022633563597718294
p,",",408,0.003114500488320089
p,),579,0.004419842604748361
p,(,2162,0.016503799156245176
1,2,1005,0.007671747526376689
2,3,606,0.00462594925471072
1, ,722,0.005511444491586039
3,7,362,0.002763355825421255
7,),354,0.002702287188395371
!,g,73,0.0005572513128611924
g,),1037,0.007916022074480226
g,=,29,0.00022137380921882985
p,=,15,0.00011450369442353267
a, ,2747,0.02096944323876295
*,"
",3026,0.02309921195504066
.,"
",2492,0.019022880433562896
@,p,2740,0.0209160081813653
(,1,495,0.0037786219159765782
1,0,1391,0.010618309262875597
',],20,0.00015267159256471025
],',20,0.00015267159256471025
y,n,2888,0.022045777966344157
l,p,7979,0.06090833185369115
@,k,190,0.0014503801293647472
l,y,3752,0.02864119076513964
_,l,710,0.0054198415360472135
_,n,906,0.006916023143181373
e,_,2391,0.01825188889111111
e,y,4915,0.03751904387277754
;, ,1193,0.009106860496484966
p,y,2787,0.021274786423892373
a,w,2569,0.01961066606493703
d,;,1676,0.012793879456922718
c,x,854,0.006519077002513127
j,c,5500,0.041984687955295315
c,d,1025,0.0078244191189414
d,c,2644,0.020183184537054692
d,"
",572,0.004366407547350713
x,"""",356,0.0027175543476518423
!,n,69,0.0005267169943482503
"""",m,640,0.004885490962070728
[,n,30,0.00022900738884706534
"
",/,1208,0.009221364190908498
b,d,522,0.003984728565938937
1,s,535,0.004083965101105999
t,k,2410,0.018396926904047584
o,x,824,0.006290069613666062
x,y,390,0.0029770960550118495
p,d,1795,0.013702275432682744
"""",a,1459,0.011137392677595611
b,n,402,0.0030686990105506756
p,c,1138,0.008687013616932013
c,b,1540,0.011755712627482689
<,v,545,0.004160300897388354
d,>,760,0.005801520517458989
<,j,319,0.0024351119014071284
e,o,4113,0.03139691301093266
m,b,1894,0.014457999815878059
!,t,240,0.0018320591107765228
[,p,32,0.00024427454810353635
"""",:,518,0.003954194247425995
:,"
",953,0.007274801385708443
g,"""",403,0.003076332590178911
f,l,1423,0.010862583810979133
l,"""",7257,0.05539688736210511
o,"""",541,0.004129766578875412
t,:,495,0.0037786219159765782
o,;,351,0.0026793864495106645
r,b,580,0.004427476184376597
r,[,82,0.000625953529515312
[,],860,0.00656487848028254
], ,1035,0.007900754915223756
 ,<,1580,0.012061055812612109
<, ,575,0.00438930828623542
+,),396,0.0030228975327812628
y,[,76,0.0005801520517458989
i,],126,0.0009618310331576745
],;,192,0.0014656472886212183
i,",",141,0.001076334727581207
"""",\\,441,0.0033664086160518606
\\,"""",723,0.005519078071214275
d,\\,46,0.00035114466289883355
"""","""",350,0.002671752869882429
-,1,545,0.004160300897388354
j,+,40,0.0003053431851294205
[,j,19,0.00014503801293647473
j,],11,8.396937591059063e-05
 ,',988,0.007541976672696685
',"""",144,0.0010992354664659137
"""",',78,0.0005954192110023699
-, ,1387,0.010587774944362655
1,],218,0.0016641203589553416
',\\,183,0.0013969450719670986
\\,\\,241,0.0018396926904047583
\\,',43,0.000328243924014127
"""","
",158,0.0012061055812612109
d,p,1293,0.009870218459308517
1,",",3068,0.02341982229942655
k, ,1249,0.009534340955666154
k,),242,0.0018473262700329938
"""",{,152,0.0011603041034917978
h,\\,7,5.3435057397648584e-05
', ,450,0.0034351108327059805
\\,r,347,0.002648852130997723
r,',18,0.0001374044333082392
\\,n,924,0.007053427576489613
n,',285,0.0021755701940471208
',:,86,0.000656487848028254
:,',36,0.0002748088666164784
',0,17,0.0001297708536800037
0,',18,0.0001374044333082392
',9,8,6.106863702588409e-05
9,',8,6.106863702588409e-05
>,=,118,0.0009007623961317904
<,=,95,0.0007251900646823736
e,\\,50,0.00038167898141177556
x,],24,0.0001832059110776523
t,+,53,0.00040457972029648214
x,+,41,0.000312976764757656
g,3,337,0.0025725163347153674
3,.,527,0.004022896464080114
o,j,2232,0.017038149730221663
j,o,864,0.006595412798795482
@,a,81,0.0006183199498870764
r,j,156,0.0011908384220047398
m,"
",267,0.002038165760738882
b,"
",15,0.00011450369442353267
/,s,242,0.0018473262700329938
n,h,438,0.0033435078771671544
d,h,585,0.004465644082517774
y,c,2043,0.01559540318048515
o,y,257,0.0019618299644565264
y,m,1009,0.007702281844889631
{,@,500,0.003816789814117756
@,l,383,0.002923660997614201
c,s,2755,0.021030511875788836
s,v,570,0.0043511403880942415
e,#,5,3.816789814117756e-05
#,a,8,6.106863702588409e-05
s,},57,0.00043511403880942416
y,h,1926,0.014702274363981596
(,2,267,0.002038165760738882
2,),905,0.006908389563553138
l,c,3055,0.023320585764259487
y,v,165,0.0012595406386588595
y,e,1577,0.012038155073727403
},:,321,0.0024503790606635995
.,q,195,0.0014885480275059247
},",",346,0.0026412185513694873
s,k,849,0.006480909104371949
q,a,19,0.00014503801293647473
@,f,6,4.580147776941307e-05
y,f,481,0.003671751801181281
c,;,184,0.0014045786515953342
c,(,1046,0.007984724291134346
c,),278,0.0021221351366494724
(,6,69,0.0005267169943482503
6,0,243,0.0018549598496612294
l,-,483,0.003687018960437752
>,',44,0.0003358775036423625
',-,53,0.00040457972029648214
',v,12,9.160295553882615e-05
e,',63,0.00048091551657883727
),"""",501,0.0038244233937459915
',',32,0.00024427454810353635
_,p,996,0.00760304530972257
i,x,1270,0.0096946461278591
y,d,439,0.00335114145679539
h,s,4227,0.032267141088551506
g,q,59,0.0004503811980658952
o,a,1894,0.014457999815878059
s,q,11713,0.08941211818552255
q,l,11545,0.08812967680797898
b,i,1273,0.009717546866743806
=,{,190,0.0014503801293647472
{,x,10,7.633579628235512e-05
w,b,186,0.0014198458108518053
x,i,1269,0.009687012548230865
m,u,2652,0.020244253174080577
<,x,596,0.004549613458428365
w,k,81,0.0006183199498870764
m,i,7240,0.055267116508425106
!,c,412,0.003145034806833031
!,e,112,0.0008549609183623773
n,<,714,0.005450375854560156
:,a,81,0.0006183199498870764
(,_,14,0.00010687011479529717
 ,_,43,0.000328243924014127
!,(,143,0.0010916018868376781
y,w,544,0.004152667317760118
l,"
",423,0.0032290041827436216
m,_,375,0.0028625923605883168
_, ,31,0.00023664096847530086
_,t,1253,0.009564875274179097
_,),28,0.00021374022959059434
l,x,1311,0.010007622892616756
s,2,1683,0.012847314514320366
2,x,598,0.004564880617684836
b,t,1196,0.009129761235369672
g,x,488,0.00372518685857893
a,f,3944,0.030106838053760857
!,d,137,0.001045800409068265
f,c,880,0.00671755007284725
m,v,299,0.002282440308842418
v,s,433,0.0033053399790259766
1,i,41,0.000312976764757656
x,k,492,0.0037557211770918716
1,d,138,0.0010534339886965006
b,>,104,0.0007938922813364932
b,:,7,5.3435057397648584e-05
b,",",108,0.0008244265998494353
[,s,55,0.0004198468795529531
-,4,42,0.0003206103443858915
4,8,293,0.002236638831073005
8,3,93,0.0007099229054259026
7,3,225,0.0017175554163529902
3,5,273,0.0020839672385082946
5,9,400,0.0030534318512942045
9,1,148,0.0011297697849788557
1,7,1348,0.01029006533886147
7,8,175,0.0013358764349412145
8,7,164,0.001251907059030624
8,6,362,0.002763355825421255
6,8,226,0.0017251889959812258
3,3,256,0.001954196384828291
3,6,571,0.0043587739677224775
6,4,144,0.0010992354664659137
4,5,177,0.0013511435941976856
5,l,3,2.2900738884706536e-05
-,7,8,6.106863702588409e-05
7,0,1009,0.007702281844889631
0,9,450,0.0034351108327059805
9,7,164,0.001251907059030624
0,5,231,0.0017633568941224033
5,3,186,0.0014198458108518053
0,6,197,0.0015038151867623958
6,7,177,0.0013511435941976856
7,1,203,0.001549616664531809
1,9,390,0.0029770960550118495
9,4,217,0.001656486779327106
4,7,288,0.0021984709329318274
1,l,85,0.0006488542684000185
g,a,2096,0.015999982900781633
s,m,4067,0.031045768348033825
c,f,259,0.0019770971237129975
s,x,120,0.0009160295553882614
1,e,75,0.0005725184721176634
e,z,1444,0.011022888983172078
z,t,1439,0.010984721085030902
s,7,283,0.0021603030347906497
7,.,76,0.0005801520517458989
7,c,67,0.0005114498350917793
s,8,437,0.003335874297538919
8,.,83,0.0006335871091435475
8,c,82,0.000625953529515312
w,;,138,0.0010534339886965006
a,a,611,0.0046641171528518975
c,m,529,0.0040381636233365855
l,r,1893,0.014450366236249824
l,w,207,0.0015801509830447509
w,.,345,0.0026335849717412517
w,t,121,0.0009236631350164969
d,x,2176,0.016610669271040473
1,c,431,0.0032900728197695055
2,.,1098,0.008381670431802593
2,a,301,0.002297707468098889
a,o,137,0.001045800409068265
2,r,323,0.00246564621992007
2,s,175,0.0013358764349412145
7,i,27,0.00020610664996235882
8,i,34,0.0002595417073600074
w,x,642,0.004900758121327199
g,d,767,0.005854955574856637
h,p,209,0.001595418142301222
s,<,657,0.005015261815750731
>,),271,0.0020687000792518236
2,"
",10,7.633579628235512e-05
1,"
",24,0.0001832059110776523
1,r,147,0.0011221362053506203
?,",",129,0.000984731772042381
>,",",408,0.003114500488320089
h,k,342,0.002610684232856545
c,"
",88,0.000671755007284725
k,.,554,0.004229003114042474
7,"
",3,2.2900738884706536e-05
8,"
",11,8.396937591059063e-05
b,_,5535,0.042251863242283555
_,c,5028,0.038381638370768155
7, ,150,0.0011450369442353267
8, ,135,0.001030533249811794
y,"
",603,0.004603048515826013
f,"
",135,0.001030533249811794
n,"
",949,0.0072442670671955004
x,"
",75,0.0005725184721176634
p,"
",91,0.0006946557461694315
1,_,252,0.001923662066315349
l,:,120,0.0009160295553882614
o,"
",49,0.0003740454017835401
q,t,7,5.3435057397648584e-05
h,f,279,0.002129768716277708
s,g,480,0.0036641182215530455
d,:,143,0.0010916018868376781
_,r,674,0.005145032669430735
y,-,50,0.00038167898141177556
-,i,187,0.0014274793904800406
m,-,91,0.0006946557461694315
-,p,247,0.0018854941681741713
h,"
",266,0.0020305321811106463
<,k,357,0.002725187927280078
p,"""",547,0.004175568056644825
"""",t,4545,0.034694619410330405
_,j,1203,0.00918319629276732
p,>,215,0.001641219620070635
b,x,6,4.580147776941307e-05
(,0,664,0.00506869687314838
x,p,6470,0.04938926019468376
s,1,191,0.0014580137089929828
y,>,885,0.006755717970988428
j,g,290,0.0022137380921882985
v,w,71,0.0005419841536047213
l,k,347,0.002648852130997723
v,c,212,0.0016183188811859286
v,t,57,0.00043511403880942416
y,b,189,0.0014427465497365117
f,b,238,0.0018167919515200519
"""",/,470,0.0035877824252706905
/,"""",142,0.0010839683072094426
@,t,641,0.004893124541698963
k,(,562,0.004290071751068358
g,[,614,0.004687017891736605
n,m,842,0.006427474046974301
d,g,698,0.005328238580508387
<,r,586,0.00447327766214601
l,m,340,0.002595417073600074
k,p,118,0.0009007623961317904
>,},9,6.87022166541196e-05
t,},62,0.0004732819369506017
:,i,93,0.0007099229054259026
k,"
",29,0.00022137380921882985
<,p,824,0.006290069613666062
<,h,204,0.0015572502441600444
c,",",224,0.0017099218367247547
>,"
",351,0.0026793864495106645
<,/,451,0.003442744412334216
/,p,246,0.0018778605885459358
a,",",329,0.0025114476976894834
r,w,306,0.0023358753662400668
p,w,476,0.0036335839030401038
:,n,118,0.0009007623961317904
a,),338,0.002580149914343603
k,b,94,0.0007175564850541381
k,r,118,0.0009007623961317904
w,f,262,0.001999997862597704
m,f,343,0.0026183178124847806
k,",",234,0.0017862576330071097
s,>,246,0.0018778605885459358
!,o,96,0.0007328236443106092
 ,5,1541,0.011763346207110923
4,4,291,0.002221371671816534
4,9,230,0.0017557233144941677
9,6,192,0.0014656472886212183
6,1,498,0.003801522654861285
7,7,200,0.0015267159256471023
7,4,147,0.0011221362053506203
4,2,237,0.0018091583718918163
2,4,358,0.0027328215069083134
5,4,161,0.0012290063201459173
9,9,174,0.001328242855312979
2,7,304,0.0023206082069835957
7,l,6,4.580147776941307e-05
.,*,74,0.0005648848924894278
-,',49,0.0003740454017835401
d,},39,0.00029770960550118495
d,<,86,0.000656487848028254
<,n,316,0.0024122111625224218
2,;,128,0.0009770981924141454
a,>,191,0.0014580137089929828
a,:,32,0.00024427454810353635
!,a,103,0.0007862587017082578
 ,	,967,0.00738167150050374
	,	,12665,0.09667928599160276
	,f,899,0.006862588085783725
v, ,548,0.00418320163627306
v,.,384,0.0029312945772424367
"""",=,37,0.0002824424462447139
"""",[,120,0.0009160295553882614
a,;,425,0.0032442713420000927
!,v,49,0.0003740454017835401
[,v,10,7.633579628235512e-05
i,k,107,0.0008167930202211997
>,e,39,0.00029770960550118495
r,1,251,0.0019160284866871135
n,b,638,0.004870223802814257
k,l,52,0.0003969461406682466
n,[,24,0.0001832059110776523
t,[,131,0.000999998931298852
[,0,214,0.0016335860404423995
0,],179,0.0013664107534541567
],),151,0.0011526705238635623
[,1,103,0.0007862587017082578
<,o,719,0.005488543752701333
w,d,60,0.0004580147776941307
w,c,308,0.002351142525496538
w,w,48,0.0003664118221553046
},-,34,0.0002595417073600074
-,{,33,0.0002519081277317719
7,p,52,0.0003969461406682466
c,y,143,0.0010916018868376781
f,n,341,0.0026030506532283095
h,u,699,0.005335872160136623
r,},120,0.0009160295553882614
y,<,372,0.0028396916217036106
x,l,157,0.0011984720016329753
 ,;,65,0.0004961826758353082
e,+,12,9.160295553882615e-05
d,3,230,0.0017557233144941677
e,h,987,0.00753434309306845
t,-,501,0.0038244233937459915
-,l,68,0.0005190834147200148
n,1,78,0.0005954192110023699
n,2,77,0.0005877856313741345
2, ,649,0.004954193178724847
e,1,198,0.0015114487663906314
e,2,139,0.0010610675683247362
s,z,149,0.0011374033646070912
 ,7,807,0.006160298759986058
3,2,366,0.0027938901439341973
9,0,391,0.002984729634640085
0,8,212,0.0016183188811859286
8,9,83,0.0006335871091435475
9,2,248,0.001893127747802407
2,8,1116,0.008519074865110832
8,5,233,0.0017786240533788742
5,6,243,0.0018549598496612294
6,3,421,0.0032137370234871505
3,8,311,0.002374043264381244
8,4,182,0.001389311492338863
4,l,4,3.0534318512942044e-05
n,:,171,0.0013053421164282725
x,w,128,0.0009770981924141454
x,a,318,0.002427478321778893
x,s,425,0.0032442713420000927
/,h,117,0.0008931288165035548
e,/,165,0.0012595406386588595
/,z,34,0.0002595417073600074
s,/,459,0.0035038130493601
/,m,175,0.0013358764349412145
/,d,200,0.0015267159256471023
a,"""",1005,0.007671747526376689
"""",k,324,0.0024732797995483057
o,/,163,0.0012442734794023884
/,j,100,0.0007633579628235511
g,_,378,0.0028854930994730234
f,/,68,0.0005190834147200148
/,k,169,0.0012900749571718014
.,.,806,0.006152665180357822
.,/,47,0.00035877824252706904
c,"""",421,0.0032137370234871505
_,b,457,0.003488545890103629
u,"""",119,0.0009083959757600259
(,q,181,0.0013816779127106276
l,h,39,0.00029770960550118495
:,"""",120,0.0009160295553882614
"""",_,79,0.0006030527906306054
_,_,48,0.0003664118221553046
_,"""",55,0.0004198468795529531
.,y,57,0.00043511403880942416
},/,131,0.000999998931298852
/,{,89,0.0006793885869129606
},;,231,0.0017633568941224033
o,-,98,0.0007480908035670801
-,g,48,0.0003664118221553046
h,_,239,0.0018244255311482874
',/,89,0.0006793885869129606
/,',86,0.000656487848028254
',;,200,0.0015267159256471023
w,p,382,0.0029160274179859656
0,",",1601,0.012221360984805054
h,n,93,0.0007099229054259026
(,\\,46,0.00035114466289883355
c,/,142,0.0010839683072094426
/,t,431,0.0032900728197695055
/,r,324,0.0024732797995483057
/,c,480,0.0036641182215530455
l,/,240,0.0018320591107765228
@,b,99,0.0007557243831953157
n,/,172,0.001312975696056508
x,/,12,9.160295553882615e-05
),=,10,7.633579628235512e-05
s,3,310,0.0023664096847530085
@,x,43,0.000328243924014127
3,e,44,0.0003358775036423625
3,n,15,0.00011450369442353267
[,c,31,0.00023664096847530086
d,=,141,0.001076334727581207
n,-,159,0.0012137391608894464
-,m,113,0.0008625944979906129
<,e,528,0.00403053004370835
!,m,109,0.0008320601794776708
_,v,450,0.0034351108327059805
w,",",112,0.0008549609183623773
w,(,163,0.0012442734794023884
w,),209,0.001595418142301222
[,t,50,0.00038167898141177556
w,=,10,7.633579628235512e-05
"""",#,1019,0.007778617641171987
#,2,60,0.0004580147776941307
a,4,4,3.0534318512942044e-05
4,f,8,6.106863702588409e-05
f,8,12,9.160295553882615e-05
8,f,5,3.816789814117756e-05
#,4,34,0.0002595417073600074
4,3,441,0.0033664086160518606
7,5,228,0.0017404561552376966
5,"""",199,0.001519082346018867
#,d,6,4.580147776941307e-05
4,0,270,0.002061066499623588
0,"""",2093,0.015977082161896927
#,c,8,6.106863702588409e-05
c,0,21,0.00016030517219294574
#,6,38,0.00029007602587294946
6,b,3,2.2900738884706536e-05
b,b,213,0.0016259524608141641
c,6,6,4.580147776941307e-05
6,e,2,1.5267159256471022e-05
_,u,846,0.006458008365487243
d,8,3,2.2900738884706536e-05
3,a,82,0.000625953529515312
a,3,11,8.396937591059063e-05
l,j,154,0.001175571262748269
"
",a,11,8.396937591059063e-05
"""",+,37,0.0002824424462447139
+,i,14,0.00010687011479529717
:,%,35,0.00026717528698824293
+,l,2,1.5267159256471022e-05
y,:,138,0.0010534339886965006
c,>,137,0.001045800409068265
e,k,418,0.003190836284602444
=,j,22,0.00016793875182118126
=,d,5,3.816789814117756e-05
o,_,489,0.0037328204382071654
_,8,108,0.0008244265998494353
0,1,1604,0.01224426172368976
_,d,635,0.00484732306392955
[,d,136,0.0010381668294400296
v,g,195,0.0014885480275059247
"
",	,8574,0.06545031173249127
	,p,999,0.007625946048607276
	,"
",540,0.004122132999247176
	,@,328,0.002503814118061248
	,w,18,0.0001374044333082392
d,w,162,0.0012366398997741529
w,"""",290,0.0022137380921882985
	,v,35,0.00026717528698824293
t,1,568,0.00433587322883777
1,"""",2856,0.021801503418240623
1,(,84,0.000641220688771783
t,2,410,0.00312976764757656
2,"""",2841,0.021686999723817088
2,(,65,0.0004961826758353082
	,},1336,0.010198462383322645
/,	,70,0.0005343505739764859
	,l,218,0.0016641203589553416
	,m,19,0.00014503801293647473
5,5,260,0.001984730703341233
5,),369,0.002816790882818904
	,r,627,0.004786254426903666
	,h,21,0.00016030517219294574
2,c,74,0.0005648848924894278
2,t,36,0.0002748088666164784
b,f,147,0.0011221362053506203
2,_,55,0.0004198468795529531
i,q,800,0.006106863702588409
r,:,167,0.0012748077979153306
k,f,91,0.0006946557461694315
y,z,1612,0.012305330360715645
_,w,96,0.0007328236443106092
o,<,303,0.00231297462735536
o,",",404,0.0030839661698071467
s,j,72,0.0005496177332329568
:,t,89,0.0006793885869129606
a,z,497,0.0037938890752330493
z,z,602,0.004595414936197778
z,"
",6,4.580147776941307e-05
z,),210,0.0016030517219294575
e,},108,0.0008244265998494353
e,j,525,0.004007629304823643
z,.,152,0.0011603041034917978
p,_,187,0.0014274793904800406
>,t,81,0.0006183199498870764
>,f,53,0.00040457972029648214
o,>,248,0.001893127747802407
/,u,141,0.001076334727581207
h,d,137,0.001045800409068265
l,0,480,0.0036641182215530455
g,-,102,0.0007786251220800222
-,z,22,0.00016793875182118126
z,o,228,0.0017404561552376966
s,-,166,0.001267174218287095
-,c,336,0.002564882755087132
i,"""",338,0.002580149914343603
 ,6,1160,0.008854952368753194
6,5,344,0.002625951392113016
5,0,627,0.004786254426903666
n,{,34,0.0002595417073600074
	,"""",184,0.0014045786515953342
"""",6,1,7.633579628235511e-06
0,2,1727,0.013183192017962728
c,-,46,0.00035114466289883355
-,d,276,0.0021068679773930013
 ,",",106,0.0008091594405929643
-,e,106,0.0008091594405929643
 ,9,1048,0.007999991450390816
9,(,54,0.00041221329992471764
3, ,293,0.002236638831073005
0,3,293,0.002236638831073005
d,-,358,0.0027328215069083134
-,r,101,0.0007709915424517867
(,7,33,0.0002519081277317719
-,t,214,0.0016335860404423995
p,-,38,0.00029007602587294946
(,3,111,0.0008473273387341418
3,),364,0.002778622984677726
1,3,927,0.007076328315374319
-,h,29,0.00022137380921882985
1,4,512,0.003908392769656582
4,),299,0.002282440308842418
-,a,105,0.0008015258609647287
a,-,69,0.0005267169943482503
x,x,122,0.0009312967146447325
2,9,262,0.001999997862597704
9, ,105,0.0008015258609647287
-,n,82,0.000625953529515312
6,),491,0.0037480875974636365
5, ,125,0.000954197453529439
e,-,138,0.0010534339886965006
-,f,90,0.0006870221665411961
 ,4,1685,0.012862581673576838
4,1,457,0.003488545890103629
-,s,181,0.0013816779127106276
2,5,648,0.004946559599096611
7,2,407,0.0031068669086918533
l,b,416,0.003175569125345973
t,q,219,0.0016717539385835772
k,o,150,0.0011450369442353267
1,a,180,0.0013740443330823922
h,v,386,0.0029465617364989078
+,=,114,0.0008702280776188483
<,w,35,0.00026717528698824293
!,k,41,0.000312976764757656
r,+,36,0.0002748088666164784
+,",",12,9.160295553882615e-05
k,_,36,0.0002748088666164784
c,_,192,0.0014656472886212183
u, ,246,0.0018778605885459358
u,;,5,3.816789814117756e-05
p,h,2314,0.017664103259736975
x,>,22,0.00016793875182118126
e,:,319,0.0024351119014071284
:,b,10,7.633579628235512e-05
a,_,972,0.0074198393986449175
w,m,100,0.0007633579628235511
6,",",1214,0.00926716566867791
*,[,5,3.816789814117756e-05
0,-,24,0.0001832059110776523
-,9,33,0.0002519081277317719
9,],12,9.160295553882615e-05
],+,40,0.0003053431851294205
+,"""",61,0.00046564835732236623
*,"""",78,0.0005954192110023699
 ,),61,0.00046564835732236623
_,0,149,0.0011374033646070912
!,w,16,0.00012213727405176818
s,[,280,0.0021374022959059435
],.,165,0.0012595406386588595
x,o,332,0.00253434843657419
',*,17,0.0001297708536800037
*,',18,0.0001374044333082392
',t,135,0.001030533249811794
8,u,23,0.00017557233144941677
"""",%,215,0.001641219620070635
%,0,6,4.580147776941307e-05
2,d,17,0.0001297708536800037
w,l,98,0.0007480908035670801
2,n,25,0.00019083949070588778
j,d,100,0.0007633579628235511
"""",z,194,0.0014809144478776892
n,z,21,0.00016030517219294574
i,-,61,0.00046564835732236623
-,-,1050,0.008015258609647287
-,),22,0.00016793875182118126
',s,100,0.0007633579628235511
_,y,18,0.0001374044333082392
m,1,67,0.0005114498350917793
0,f,8,6.106863702588409e-05
:,s,66,0.0005038162554635438
m,2,72,0.0005496177332329568
0,l,39,0.00029770960550118495
v,1,81,0.0006183199498870764
v,2,263,0.0020076314422259396
3,;,37,0.0002824424462447139
3,r,17,0.0001297708536800037
3,/,30,0.00022900738884706534
d,/,79,0.0006030527906306054
3,"""",543,0.004145033738131883
v,/,5,3.816789814117756e-05
v,"""",108,0.0008244265998494353
v,r,371,0.002832058042075375
/,f,196,0.0014961816071341603
v,f,6,4.580147776941307e-05
a,=,23,0.00017557233144941677
d,#,8,6.106863702588409e-05
#,s,131,0.000999998931298852
),},40,0.0003053431851294205
k,d,78,0.0005954192110023699
j,_,1,7.633579628235511e-06
!,p,169,0.0012900749571718014
<,u,173,0.0013206092756847436
h,y,923,0.007045793996861377
x,=,49,0.0003740454017835401
f,m,209,0.001595418142301222
m,g,387,0.002954195316127143
r,è,11,8.396937591059063e-05
è,s,13,9.923653516706165e-05
t,â,11,8.396937591059063e-05
â,c,13,9.923653516706165e-05
=,>,14,0.00010687011479529717
d,',96,0.0007328236443106092
',u,49,0.0003740454017835401
2,-,117,0.0008931288165035548
k,g,21,0.00016030517219294574
d,q,154,0.001175571262748269
v,),196,0.0014961816071341603
v,h,60,0.0004580147776941307
v,(,133,0.0010152660905553231
"""",y,54,0.00041221329992471764
y,y,121,0.0009236631350164969
h,h,81,0.0006183199498870764
h,-,18,0.0001374044333082392
-,%,47,0.00035877824252706904
.,%,14,0.00010687011479529717
p,f,293,0.002236638831073005
f,k,217,0.001656486779327106
k,"""",136,0.0010381668294400296
"""",1,36,0.0002748088666164784
;,s,26,0.0001984730703341233
;,',160,0.001221372740517682
;,i,41,0.000312976764757656
;,p,14,0.00010687011479529717
;,t,28,0.00021374022959059434
;,l,31,0.00023664096847530086
;,m,13,9.923653516706165e-05
;,e,13,9.923653516706165e-05
i,_,379,0.002893126679101259
;,d,13,9.923653516706165e-05
;,"""",141,0.001076334727581207
;,;,182,0.001389311492338863
i,i,77,0.0005877856313741345
!,"""",53,0.00040457972029648214
_,k,141,0.001076334727581207
o,@,1,7.633579628235511e-06
@,m,4,3.0534318512942044e-05
{,i,14,0.00010687011479529717
p,:,97,0.0007404572239388446
x,d,52,0.0003969461406682466
f,2,52,0.0003969461406682466
x,1,17,0.0001297708536800037
/,w,82,0.000625953529515312
d,m,495,0.0037786219159765782
*,i,1,7.633579628235511e-06
},*,1,7.633579628235511e-06
',r,7,5.3435057397648584e-05
g,/,91,0.0006946557461694315
c,p,1058,0.008076327246673171
z,",",87,0.0006641214276564895
>,.,54,0.00041221329992471764
8,8,222,0.0016946546774682836
9,_,29,0.00022137380921882985
_,1,1976,0.01508395334539337
s,_,1155,0.008816784470612016
c,v,170,0.001297708536800037
=,"
",48,0.0003664118221553046
	,n,61,0.00046564835732236623
	,s,465,0.003549614527129513
x,j,37,0.0002824424462447139
	,b,52,0.0003969461406682466
	, ,1658,0.012656475023614479
	,i,481,0.003671751801181281
z, ,113,0.0008625944979906129
",","""",184,0.0014045786515953342
h,=,122,0.0009312967146447325
=,[,13,9.923653516706165e-05
[,{,137,0.001045800409068265
},],137,0.001045800409068265
],",",53,0.00040457972029648214
a,"
",101,0.0007709915424517867
/,e,128,0.0009770981924141454
[,.,7,5.3435057397648584e-05
.,],11,8.396937591059063e-05
(,-,15,0.00011450369442353267
v,;,26,0.0001984730703341233
x,n,108,0.0008244265998494353
	,t,285,0.0021755701940471208
	,e,186,0.0014198458108518053
	,c,233,0.0017786240533788742
[,e,40,0.0003053431851294205
3,4,571,0.0043587739677224775
8,1,146,0.0011145026257223848
1,6,683,0.005213734886084854
5,2,201,0.0015343495052753378
2,6,425,0.0032442713420000927
1,5,906,0.006916023143181373
5,7,557,0.00425190385292718
7,6,120,0.0009160295553882614
6,6,189,0.0014427465497365117
>,n,54,0.00041221329992471764
n,#,7,5.3435057397648584e-05
#,g,15,0.00011450369442353267
:,f,38,0.00029007602587294946
!,b,40,0.0003053431851294205
 ,\\,362,0.002763355825421255
r,\\,352,0.0026870200291389
),',58,0.0004427476184376597
b,p,151,0.0011526705238635623
:,<,2,1.5267159256471022e-05
r,/,55,0.0004198468795529531
/,>,8,6.106863702588409e-05
>,c,23,0.00017557233144941677
>,i,11,8.396937591059063e-05
),<,1,7.633579628235511e-06
>,a,24,0.0001832059110776523
>,u,5,3.816789814117756e-05
>,d,2,1.5267159256471022e-05
/,o,54,0.00041221329992471764
>,[,9,6.87022166541196e-05
[,!,1,7.633579628235511e-06
!,],1,7.633579628235511e-06
/,b,78,0.0005954192110023699
 ,#,54,0.00041221329992471764
9,3,161,0.0012290063201459173
4,6,376,0.0028702259402165523
6,l,7,5.3435057397648584e-05
6,2,150,0.0011450369442353267
1,8,392,0.0029923632142683206
8,2,144,0.0010992354664659137
2,l,12,9.160295553882615e-05
p,m,2908,0.02219844955890887
v,l,82,0.000625953529515312
;,c,18,0.0001374044333082392
r,h,170,0.001297708536800037
",",f,7,5.3435057397648584e-05
h,>,114,0.0008702280776188483
q,"""",30,0.00022900738884706534
q,",",43,0.000328243924014127
q,),61,0.00046564835732236623
q, ,99,0.0007557243831953157
q,.,59,0.0004503811980658952
q,;,33,0.0002519081277317719
!,u,28,0.00021374022959059434
f,q,4,3.0534318512942044e-05
p,g,1350,0.010305332498117941
h,b,85,0.0006488542684000185
h,q,365,0.0027862565643059617
w,g,13,9.923653516706165e-05
l,',95,0.0007251900646823736
',o,52,0.0003969461406682466
u,v,36,0.0002748088666164784
p,q,28,0.00021374022959059434
q,n,31,0.00023664096847530086
r,q,58,0.0004427476184376597
q,c,98,0.0007480908035670801
	,u,23,0.00017557233144941677
f,x,13,9.923653516706165e-05
i,1,18,0.0001374044333082392
i,2,248,0.001893127747802407
c,1,70,0.0005343505739764859
 ,z,96,0.0007328236443106092
c,',80,0.000610686370258841
',e,60,0.0004580147776941307
c,2,26,0.0001984730703341233
a,/,38,0.00029007602587294946
/,a,148,0.0011297697849788557
a,2,63,0.00048091551657883727
-,8,22,0.00016793875182118126
9,-,44,0.0003358775036423625
"""",-,139,0.0010610675683247362
-,"""",84,0.000641220688771783
_,2,2671,0.02038929118701705
b,/,37,0.0002824424462447139
h,w,44,0.0003358775036423625
(,4,123,0.0009389302942729679
4,",",1097,0.008374036852174357
	,d,20,0.00015267159256471025
},\\,61,0.00046564835732236623
2,",",1470,0.011221362053506202
	,/,179,0.0013664107534541567
	,a,461,0.003519080208616571
	,k,6,4.580147776941307e-05
#,#,70,0.0005343505739764859
#,"""",11,8.396937591059063e-05
",",d,2,1.5267159256471022e-05
h,[,3,2.2900738884706536e-05
],:,63,0.00048091551657883727
[,f,47,0.00035877824252706904
[,k,4,3.0534318512942044e-05
1,=,2,1.5267159256471022e-05
2,=,8,6.106863702588409e-05
b,v,186,0.0014198458108518053
8,b,13,9.923653516706165e-05
;,),8,6.106863702588409e-05
=,%,23,0.00017557233144941677
s,%,19,0.00014503801293647473
%,n,7,5.3435057397648584e-05
[,2,54,0.00041221329992471764
2,],127,0.00096946461278591
!,"
",2,1.5267159256471022e-05
h,<,4,3.0534318512942044e-05
a,<,3,2.2900738884706536e-05
!,j,44,0.0003358775036423625
u,(,4,3.0534318512942044e-05
n,q,126,0.0009618310331576745
q,y,3,2.2900738884706536e-05
r,#,10,7.633579628235512e-05
-,w,41,0.000312976764757656
',p,94,0.0007175564850541381
h,/,134,0.0010228996701835587
:,/,102,0.0007786251220800222
',.,143,0.0010916018868376781
>,l,11,8.396937591059063e-05
w,-,239,0.0018244255311482874
i,"
",49,0.0003740454017835401
i,u,52,0.0003969461406682466
g,},21,0.00016030517219294574
h,:,44,0.0003358775036423625
>,<,47,0.00035877824252706904
n,w,82,0.000625953529515312
],>,18,0.0001374044333082392
t,',59,0.0004503811980658952
3,s,26,0.0001984730703341233
{,l,8,6.106863702588409e-05
m,x,68,0.0005190834147200148
z,"""",87,0.0006641214276564895
z,;,31,0.00023664096847530086
x,v,100,0.0007633579628235511
z,(,22,0.00016793875182118126
l,=,59,0.0004503811980658952
i,=,8,6.106863702588409e-05
z,=,11,8.396937591059063e-05
 ,y,83,0.0006335871091435475
],{,5,3.816789814117756e-05
{,1,2,1.5267159256471022e-05
3,},3,2.2900738884706536e-05
-,.,5,3.816789814117756e-05
.,+,12,9.160295553882615e-05
a,1,132,0.0010076325109270876
f,1,101,0.0007709915424517867
x,f,106,0.0008091594405929643
x,:,9,6.87022166541196e-05
:,h,28,0.00021374022959059434
o,=,14,0.00010687011479529717
k,u,103,0.0007862587017082578
"""",0,73,0.0005572513128611924
"""",?,28,0.00021374022959059434
?,q,6,4.580147776941307e-05
"""",&,48,0.0003664118221553046
&,c,3,2.2900738884706536e-05
&,l,6,4.580147776941307e-05
&,d,1,7.633579628235511e-06
&,s,7,5.3435057397648584e-05
&,g,1,7.633579628235511e-06
&,w,2,1.5267159256471022e-05
h,g,15,0.00011450369442353267
=,0,2,1.5267159256471022e-05
0,&,2,1.5267159256471022e-05
?,),6,4.580147776941307e-05
s,\\,59,0.0004503811980658952
j,",",100,0.0007633579628235511
s,',99,0.0007557243831953157
w,v,105,0.0008015258609647287
&,"
",1,7.633579628235511e-06
),],20,0.00015267159256471025
',?,19,0.00014503801293647473
?,',19,0.00014503801293647473
[,\\,22,0.00016793875182118126
\\,?,7,5.3435057397648584e-05
 ,],31,0.00023664096847530086
g,w,44,0.0003358775036423625
"""",$,175,0.0013358764349412145
$,"""",20,0.00015267159256471025
.,{,5,3.816789814117756e-05
},=,2,1.5267159256471022e-05
u,o,55,0.0004198468795529531
w,j,26,0.0001984730703341233
',i,89,0.0006793885869129606
y,q,45,0.00034351108327059806
p,k,80,0.000610686370258841
p,v,167,0.0012748077979153306
",",v,31,0.00023664096847530086
v,>,149,0.0011374033646070912
y,k,48,0.0003664118221553046
d,j,383,0.002923660997614201
o,h,54,0.00041221329992471764
],],1,7.633579628235511e-06
e,[,97,0.0007404572239388446
k,+,4,3.0534318512942044e-05
',%,34,0.0002595417073600074
8,r,884,0.006748084391360192
p,3,46,0.00035114466289883355
p,4,6,4.580147776941307e-05
4,;,11,8.396937591059063e-05
a,j,188,0.0014351129701082762
u,j,7,5.3435057397648584e-05
t,è,1,7.633579628235511e-06
è,r,15,0.00011450369442353267
-,3,46,0.00035114466289883355
3,"
",5,3.816789814117756e-05
w,"
",15,0.00011450369442353267
d,é,37,0.0002824424462447139
é,f,9,6.87022166541196e-05
é,d,2,1.5267159256471022e-05
s,9,32,0.00024427454810353635
 ,à,61,0.00046564835732236623
à,"
",4,3.0534318512942044e-05
+,3,1,7.633579628235511e-06
9,),327,0.0024961805384330123
8,;,22,0.00016793875182118126
%,d,38,0.00029007602587294946
9,;,7,5.3435057397648584e-05
;,	,1,7.633579628235511e-06
p,5,39,0.00029770960550118495
p,x,54,0.00041221329992471764
"""",9,21,0.00016030517219294574
9,+,1,7.633579628235511e-06
g,1,202,0.0015419830849035733
0,(,16,0.00012213727405176818
-,x,21,0.00016030517219294574
[,r,43,0.000328243924014127
d,],45,0.00034351108327059806
m,k,125,0.000954197453529439
m,j,43,0.000328243924014127
5,",",1870,0.014274793904800407
g,k,24,0.0001832059110776523
d,k,151,0.0011526705238635623
[,o,28,0.00021374022959059434
l,],15,0.00011450369442353267
/,),2,1.5267159256471022e-05
_,g,191,0.0014580137089929828
(,8,80,0.000610686370258841
y,g,43,0.000328243924014127
/,&,5,3.816789814117756e-05
&,f,9,6.87022166541196e-05
e,],125,0.000954197453529439
l,},21,0.00016030517219294574
;,a,19,0.00014503801293647473
;,k,10,7.633579628235512e-05
7,j,69,0.0005267169943482503
7,_,11,8.396937591059063e-05
g,+,7,5.3435057397648584e-05
s,+,49,0.0003740454017835401
d,+,37,0.0002824424462447139
-,;,24,0.0001832059110776523
y,/,65,0.0004961826758353082
3,",",1280,0.009770981924141456
g,0,123,0.0009389302942729679
k,j,64,0.0004885490962070727
t,0,762,0.00581678767671546
2,2,521,0.003977094986310702
8,",",986,0.007526709513440214
m,y,71,0.0005419841536047213
b,k,15,0.00011450369442353267
k,1,17,0.0001297708536800037
7,",",1266,0.009664111809346157
y,0,80,0.000610686370258841
7,9,163,0.0012442734794023884
9,",",1182,0.009022891120574375
4,"""",309,0.002358776105124773
z,r,97,0.0007404572239388446
6,"""",273,0.0020839672385082946
9,8,355,0.0027099207680236067
3,9,588,0.004488544821402481
6,9,177,0.0013511435941976856
2,1,839,0.006404573308089594
y,j,59,0.0004503811980658952
u,',42,0.0003206103443858915
',a,153,0.0011679376831200334
_,q,30,0.00022900738884706534
!,q,4,3.0534318512942044e-05
j,p,53,0.00040457972029648214
>,{,6,4.580147776941307e-05
x,0,212,0.0016183188811859286
9,p,10,7.633579628235512e-05
"""",(,250,0.001908394907058878
z,g,44,0.0003358775036423625
g,p,216,0.0016488531996988705
:,\\,14,0.00010687011479529717
0,.,222,0.0016946546774682836
/,g,79,0.0006030527906306054
8,/,2,1.5267159256471022e-05
8,x,1,7.633579628235511e-06
f,j,19,0.00014503801293647473
8,e,23,0.00017557233144941677
8,t,8,6.106863702588409e-05
8,"""",160,0.001221372740517682
o,4,1,7.633579628235511e-06
/,v,63,0.00048091551657883727
r,z,6,4.580147776941307e-05
z,-,26,0.0001984730703341233
+,"
",7,5.3435057397648584e-05
",",m,3,2.2900738884706536e-05
k,/,4,3.0534318512942044e-05
/,",",1,7.633579628235511e-06
",",l,4,3.0534318512942044e-05
/,5,1,7.633579628235511e-06
",",u,17,0.0001297708536800037
{,k,2,1.5267159256471022e-05
p,/,64,0.0004885490962070727
v,\\,3,2.2900738884706536e-05
9,"""",192,0.0014656472886212183
m,0,266,0.0020305321811106463
1,1,619,0.004725185789877782
2,p,55,0.0004198468795529531
9,5,107,0.0008167930202211997
0,7,177,0.0013511435941976856
i,4,5,3.816789814117756e-05
5,1,296,0.0022595395699577113
u,u,143,0.0010916018868376781
a,0,173,0.0013206092756847436
-,u,55,0.0004198468795529531
g,6,9,6.87022166541196e-05
6,-,16,0.00012213727405176818
-,v,153,0.0011679376831200334
v,u,15,0.00011450369442353267
u,2,10,7.633579628235512e-05
u,0,260,0.001984730703341233
f,-,40,0.0003053431851294205
r,-,51,0.0003893125610400111
h,0,40,0.0003053431851294205
u,-,23,0.00017557233144941677
b,-,28,0.00021374022959059434
n,4,18,0.0001374044333082392
n,3,32,0.00024427454810353635
n,5,8,6.106863702588409e-05
-,b,255,0.0019465628052000555
1,-,87,0.0006641214276564895
a,e,293,0.002236638831073005
e,0,31,0.00023664096847530086
p,0,225,0.0017175554163529902
q,q,85,0.0006488542684000185
o,0,29,0.00022137380921882985
o,1,80,0.000610686370258841
-,o,42,0.0003206103443858915
1,f,175,0.0013358764349412145
1,t,70,0.0005343505739764859
0,d,124,0.0009465638739012034
0,p,105,0.0008015258609647287
j,"""",108,0.0008244265998494353
0,e,55,0.0004198468795529531
0,r,22,0.00016793875182118126
0,4,279,0.002129768716277708
3,0,405,0.0030915997494353822
a,h,11,8.396937591059063e-05
j,i,26,0.0001984730703341233
d,1,997,0.007610678889350805
1,b,39,0.00029770960550118495
2,e,4,3.0534318512942044e-05
e,8,11,8.396937591059063e-05
8,p,77,0.0005877856313741345
p,9,18,0.0001374044333082392
7,"""",74,0.0005648848924894278
.,\\,21,0.00016030517219294574
-,0,16,0.00012213727405176818
2,',7,5.3435057397648584e-05
+,7,1,7.633579628235511e-06
+,8,1,7.633579628235511e-06
4, ,143,0.0010916018868376781
+,0,4,3.0534318512942044e-05
+,1,9,6.87022166541196e-05
6,.,108,0.0008244265998494353
6, ,80,0.000610686370258841
k,-,14,0.00010687011479529717
x,',12,9.160295553882615e-05
',5,3,2.2900738884706536e-05
5,f,3,2.2900738884706536e-05
c,4,11,8.396937591059063e-05
4,',1,7.633579628235511e-06
3,',3,2.2900738884706536e-05
d,5,31,0.00023664096847530086
5,',1,7.633579628235511e-06
n,0,43,0.000328243924014127
f,\\,4,3.0534318512942044e-05
t,\\,27,0.00020610664996235882
),\\,45,0.00034351108327059806
:,{,26,0.0001984730703341233
r,2,141,0.001076334727581207
j,t,4,3.0534318512942044e-05
k,<,49,0.0003740454017835401
u,.,72,0.0005496177332329568
0,"
",54,0.00041221329992471764
4,.,101,0.0007709915424517867
z,0,27,0.00020610664996235882
.,0,52,0.0003969461406682466
v,m,21,0.00016030517219294574
(,%,17,0.0001297708536800037
k,8,1,7.633579628235511e-06
',=,26,0.0001984730703341233
=,',39,0.00029770960550118495
p,',72,0.0005496177332329568
',h,9,6.87022166541196e-05
h,',9,6.87022166541196e-05
k,w,32,0.00024427454810353635
p,j,2,1.5267159256471022e-05
j,1,5,3.816789814117756e-05
j,7,1,7.633579628235511e-06
.,',90,0.0006870221665411961
"""",<,64,0.0004885490962070727
<,"""",5,3.816789814117756e-05
"""",>,77,0.0005877856313741345
>,"""",56,0.00042748045918118867
"""",!,5,3.816789814117756e-05
q,:,4,3.0534318512942044e-05
c,n,101,0.0007709915424517867
j,(,43,0.000328243924014127
{,a,2,1.5267159256471022e-05
_,3,295,0.0022519059903294758
3,_,49,0.0003740454017835401
	,|,26,0.0001984730703341233
\\,s,49,0.0003740454017835401
{,n,7,5.3435057397648584e-05
q,(,45,0.00034351108327059806
_,.,34,0.0002595417073600074
7,;,8,6.106863702588409e-05
@,w,18,0.0001374044333082392
f,p,212,0.0016183188811859286
"""",*,53,0.00040457972029648214
a,',80,0.000610686370258841
',g,6,4.580147776941307e-05
g,',10,7.633579628235512e-05
i,',13,9.923653516706165e-05
',d,12,9.160295553882615e-05
',l,24,0.0001832059110776523
q,=,2,1.5267159256471022e-05
u,_,9,6.87022166541196e-05
!, ,2,1.5267159256471022e-05
",",n,5,3.816789814117756e-05
r,0,1034,0.00789312133559552
5,.,68,0.0005190834147200148
9,.,28,0.00021374022959059434
w,_,189,0.0014427465497365117
>,x,2,1.5267159256471022e-05
c,8,59,0.0004503811980658952
9,l,24,0.0001832059110776523
c,5,334,0.002549615595830661
8,-,17,0.0001297708536800037
3,l,38,0.00029007602587294946
3,b,37,0.0002824424462447139
3,o,20,0.00015267159256471025
[,b,9,6.87022166541196e-05
a,},11,8.396937591059063e-05
=,\\,23,0.00017557233144941677
k,>,165,0.0012595406386588595
&,"""",8,6.106863702588409e-05
',_,31,0.00023664096847530086
_,',31,0.00023664096847530086
',(,27,0.00020610664996235882
(,+,7,5.3435057397648584e-05
n,+,14,0.00010687011479529717
y,},42,0.0003206103443858915
1,u,28,0.00021374022959059434
$,p,1,7.633579628235511e-06
$,d,1,7.633579628235511e-06
$,t,7,5.3435057397648584e-05
$,o,1,7.633579628235511e-06
$,c,2,1.5267159256471022e-05
$,s,1,7.633579628235511e-06
$,n,1,7.633579628235511e-06
"""",^,16,0.00012213727405176818
^,0,1,7.633579628235511e-06
0,+,1,7.633579628235511e-06
+,(,2,1.5267159256471022e-05
(,?,4,3.0534318512942044e-05
?,!,1,7.633579628235511e-06
!,$,1,7.633579628235511e-06
$,),1,7.633579628235511e-06
\\,u,3,2.2900738884706536e-05
0,c,7,5.3435057397648584e-05
_,h,60,0.0004580147776941307
?,"""",27,0.00020610664996235882
>,b,2,1.5267159256471022e-05
(,z,33,0.0002519081277317719
@,c,130,0.0009923653516706165
-,k,22,0.00016793875182118126
o,},2,1.5267159256471022e-05
x,h,13,9.923653516706165e-05
c,g,97,0.0007404572239388446
!,h,14,0.00010687011479529717
_,5,73,0.0005572513128611924
1,m,17,0.0001297708536800037
o,2,42,0.0003206103443858915
-,q,1,7.633579628235511e-06
w,>,81,0.0006183199498870764
 ,$,284,0.002167936614418885
$,1,98,0.0007480908035670801
(,$,20,0.00015267159256471025
$,2,69,0.0005267169943482503
$,3,46,0.00035114466289883355
>,s,10,7.633579628235512e-05
1,/,71,0.0005419841536047213
	,.,55,0.0004198468795529531
c,w,25,0.00019083949070588778
2,/,182,0.001389311492338863
	,j,5,3.816789814117756e-05
	,o,48,0.0003664118221553046
[,u,5,3.816789814117756e-05
f,w,72,0.0005496177332329568
w,1,15,0.00011450369442353267
a,q,46,0.00035114466289883355
m,q,104,0.0007938922813364932
',q,1,7.633579628235511e-06
y,',49,0.0003740454017835401
m,',21,0.00016030517219294574
s,?,15,0.00011450369442353267
o,',16,0.00012213727405176818
=,b,6,4.580147776941307e-05
i,:,6,4.580147776941307e-05
',b,10,7.633579628235512e-05
=,:,3,2.2900738884706536e-05
?,l,7,5.3435057397648584e-05
i,&,3,2.2900738884706536e-05
&,a,3,2.2900738884706536e-05
d,&,5,3.816789814117756e-05
&,i,7,5.3435057397648584e-05
&,o,9,6.87022166541196e-05
r,&,1,7.633579628235511e-06
_,(,86,0.000656487848028254
u,>,8,6.106863702588409e-05
u,x,45,0.00034351108327059806
8,l,15,0.00011450369442353267
;,o,20,0.00015267159256471025
s,],6,4.580147776941307e-05
#,l,9,6.87022166541196e-05
/,%,29,0.00022137380921882985
o,:,22,0.00016793875182118126
%,t,4,3.0534318512942044e-05
",",t,8,6.106863702588409e-05
),{,38,0.00029007602587294946
',n,36,0.0002748088666164784
',m,10,7.633579628235512e-05
0,n,2,1.5267159256471022e-05
6,o,2,1.5267159256471022e-05
	,(,6,4.580147776941307e-05
{,\\,50,0.00038167898141177556
2,\\,7,5.3435057397648584e-05
",",\\,105,0.0008015258609647287
:,[,4,3.0534318512942044e-05
;,\\,34,0.0002595417073600074
],},6,4.580147776941307e-05
",",{,2,1.5267159256471022e-05
1,\\,16,0.00012213727405176818
/,x,54,0.00041221329992471764
l,\\,69,0.0005267169943482503
<,-,7,5.3435057397648584e-05
t,{,3,2.2900738884706536e-05
',},10,7.633579628235512e-05
},',48,0.0003664118221553046
_,%,8,6.106863702588409e-05
v,_,42,0.0003206103443858915
.,_,1,7.633579628235511e-06
",",?,5,3.816789814117756e-05
w,:,9,6.87022166541196e-05
],[,72,0.0005496177332329568
z,y,17,0.0001297708536800037
q,r,47,0.00035877824252706904
q,p,36,0.0002748088666164784
v,8,39,0.00029770960550118495
i,0,18,0.0001374044333082392
	,x,2,1.5267159256471022e-05
x,6,6,4.580147776941307e-05
:,e,23,0.00017557233144941677
i,w,53,0.00040457972029648214
b,g,63,0.00048091551657883727
{,8,4,3.0534318512942044e-05
9,},3,2.2900738884706536e-05
{,2,7,5.3435057397648584e-05
7,},7,5.3435057397648584e-05
g,2,251,0.0019160284866871135
t,3,12,9.160295553882615e-05
3,(,29,0.00022137380921882985
z,x,22,0.00016793875182118126
z,c,6,4.580147776941307e-05
t,4,26,0.0001984730703341233
4,(,22,0.00016793875182118126
4,-,11,8.396937591059063e-05
-,2,61,0.00046564835732236623
"""",5,7,5.3435057397648584e-05
j,j,3,2.2900738884706536e-05
-,5,9,6.87022166541196e-05
-,6,41,0.000312976764757656
p,1,117,0.0008931288165035548
p,2,77,0.0005877856313741345
q,-,13,9.923653516706165e-05
e,3,11,8.396937591059063e-05
-,y,8,6.106863702588409e-05
r,3,34,0.0002595417073600074
r,4,19,0.00014503801293647473
	,g,54,0.00041221329992471764
>,:,12,9.160295553882615e-05
k,:,14,0.00010687011479529717
f,g,27,0.00020610664996235882
[,g,40,0.0003053431851294205
c,],7,5.3435057397648584e-05
],(,33,0.0002519081277317719
.,4,36,0.0002748088666164784
3,-,14,0.00010687011479529717
d,2,97,0.0007404572239388446
	,),48,0.0003664118221553046
),	,2,1.5267159256471022e-05
t,5,12,9.160295553882615e-05
5,(,16,0.00012213727405176818
l,2,212,0.0016183188811859286
l,3,75,0.0005725184721176634
t,6,13,9.923653516706165e-05
6,(,14,0.00010687011479529717
8,},5,3.816789814117756e-05
{,6,11,8.396937591059063e-05
5,},3,2.2900738884706536e-05
6,},6,4.580147776941307e-05
	,",",7,5.3435057397648584e-05
8,(,24,0.0001832059110776523
.,2,72,0.0005496177332329568
h,8,4,3.0534318512942044e-05
{,0,8,6.106863702588409e-05
{,4,9,6.87022166541196e-05
.,5,58,0.0004427476184376597
r,],14,0.00010687011479529717
.,8,8,6.106863702588409e-05
:,p,6,4.580147776941307e-05
2,},8,6.106863702588409e-05
{,3,2,1.5267159256471022e-05
q,d,1,7.633579628235511e-06
q,s,25,0.00019083949070588778
f,3,21,0.00016030517219294574
g,y,2,1.5267159256471022e-05
.,6,23,0.00017557233144941677
b,?,2,1.5267159256471022e-05
?,?,59,0.0004503811980658952
e,4,6,4.580147776941307e-05
0,x,26,0.0001984730703341233
x,2,43,0.000328243924014127
0,a,8,6.106863702588409e-05
\\,x,1,7.633579628235511e-06
x,%,1,7.633579628235511e-06
.,z,47,0.00035877824252706904
x,u,34,0.0002595417073600074
/,.,31,0.00023664096847530086
c,é,1,7.633579628235511e-06
é,m,19,0.00014503801293647473
s,é,14,0.00010687011479529717
é, ,54,0.00041221329992471764
v,n,4,3.0534318512942044e-05
k,h,10,7.633579628235512e-05
\\,.,35,0.00026717528698824293
.,-,2,1.5267159256471022e-05
-,],5,3.816789814117756e-05
+,],6,4.580147776941307e-05
h,2,27,0.00020610664996235882
;,f,17,0.0001297708536800037
=,p,2,1.5267159256471022e-05
z,s,3,2.2900738884706536e-05
u,/,3,2.2900738884706536e-05
',{,42,0.0003206103443858915
u,\\,1,7.633579628235511e-06
a,\\,10,7.633579628235512e-05
[, ,2,1.5267159256471022e-05
),[,74,0.0005648848924894278
v,",",24,0.0001832059110776523
m,\\,9,6.87022166541196e-05
*,.,9,6.87022166541196e-05
$,{,47,0.00035877824252706904
a,6,8,6.106863702588409e-05
b,6,2,1.5267159256471022e-05
[,3,22,0.00016793875182118126
3,],54,0.00041221329992471764
6,d,2,1.5267159256471022e-05
b,9,31,0.00023664096847530086
_,4,121,0.0009236631350164969
$,a,37,0.0002824424462447139
1,!,2,1.5267159256471022e-05
!,!,38,0.00029007602587294946
f,',5,3.816789814117756e-05
x,b,71,0.0005419841536047213
3,p,11,8.396937591059063e-05
3,[,2,1.5267159256471022e-05
f,+,2,1.5267159256471022e-05
l,+,2,1.5267159256471022e-05
',"
",21,0.00016030517219294574
1,[,2,1.5267159256471022e-05
2,[,3,2.2900738884706536e-05
>,g,15,0.00011450369442353267
?,"
",8,6.106863702588409e-05
f,z,6,4.580147776941307e-05
-,=,3,2.2900738884706536e-05
),f,7,5.3435057397648584e-05
x,<,10,7.633579628235512e-05
z,:,5,3.816789814117756e-05
a,&,26,0.0001984730703341233
&,v,19,0.00014503801293647473
b,&,9,6.87022166541196e-05
&,p,18,0.0001374044333082392
a,%,4,3.0534318512942044e-05
%,v,10,7.633579628235512e-05
b,%,2,1.5267159256471022e-05
%,p,5,3.816789814117756e-05
.,&,12,9.160295553882615e-05
&,u,7,5.3435057397648584e-05
u,%,2,1.5267159256471022e-05
r,6,3,2.2900738884706536e-05
4,p,7,5.3435057397648584e-05
0,i,4,3.0534318512942044e-05
q,m,6,4.580147776941307e-05
m,&,1,7.633579628235511e-06
&,.,20,0.00015267159256471025
o,8,12,9.160295553882615e-05
v,v,9,6.87022166541196e-05
&,h,1,7.633579628235511e-06
n,},36,0.0002748088666164784
n,?,5,3.816789814117756e-05
?,c,4,3.0534318512942044e-05
',&,10,7.633579628235512e-05
&,',8,6.106863702588409e-05
a,[,8,6.106863702588409e-05
w,u,112,0.0008549609183623773
v,p,27,0.00020610664996235882
c,7,117,0.0008931288165035548
7,r,6,4.580147776941307e-05
/,y,7,5.3435057397648584e-05
v,3,37,0.0002824424462447139
b,',5,3.816789814117756e-05
',z,7,5.3435057397648584e-05
z,',7,5.3435057397648584e-05
v,',9,6.87022166541196e-05
3,f,5,3.816789814117756e-05
8,d,36,0.0002748088666164784
i,y,6,4.580147776941307e-05
v,4,24,0.0001832059110776523
_,z,31,0.00023664096847530086
 ,…,3,2.2900738884706536e-05
…, ,3,2.2900738884706536e-05
y,1,14,0.00010687011479529717
y,2,18,0.0001374044333082392
x,[,3,2.2900738884706536e-05
;,%,10,7.633579628235512e-05
',[,3,2.2900738884706536e-05
[,',3,2.2900738884706536e-05
m,},18,0.0001374044333082392
[,w,5,3.816789814117756e-05
g,],4,3.0534318512942044e-05
[,a,38,0.00029007602587294946
h,{,1,7.633579628235511e-06
l,?,1,7.633579628235511e-06
[,h,2,1.5267159256471022e-05
",",i,8,6.106863702588409e-05
n,x,38,0.00029007602587294946
g,j,9,6.87022166541196e-05
g,z,21,0.00016030517219294574
8,g,4,3.0534318512942044e-05
8,_,32,0.00024427454810353635
+,c,5,3.816789814117756e-05
_,",",5,3.816789814117756e-05
/,2,2,1.5267159256471022e-05
[,4,9,6.87022166541196e-05
4,],21,0.00016030517219294574
m,[,4,3.0534318512942044e-05
{,{,4,3.0534318512942044e-05
},},9,6.87022166541196e-05
_,;,2,1.5267159256471022e-05
#,%,4,3.0534318512942044e-05
6,x,1,7.633579628235511e-06
',|,17,0.0001297708536800037
|,',17,0.0001297708536800037
\\,b,9,6.87022166541196e-05
3,c,37,0.0002824424462447139
",",s,12,9.160295553882615e-05
k,v,8,6.106863702588409e-05
3,h,7,5.3435057397648584e-05
k,k,8,6.106863702588409e-05
*,;,2,1.5267159256471022e-05
b,2,38,0.00029007602587294946
s,®,1,7.633579628235511e-06
®, ,1,7.633579628235511e-06
v,0,25,0.00019083949070588778
z,_,11,8.396937591059063e-05
"""",7,2,1.5267159256471022e-05
.,3,34,0.0002595417073600074
{,5,2,1.5267159256471022e-05
0,},6,4.580147776941307e-05
{,u,4,3.0534318512942044e-05
x,7,1,7.633579628235511e-06
c,},6,4.580147776941307e-05
x,4,9,6.87022166541196e-05
4,d,3,2.2900738884706536e-05
3,u,2,1.5267159256471022e-05
f,},5,3.816789814117756e-05
x,3,10,7.633579628235512e-05
	,q,1,7.633579628235511e-06
d,4,9,6.87022166541196e-05
4,r,2,1.5267159256471022e-05
:,j,6,4.580147776941307e-05
n,@,1,7.633579628235511e-06
>,j,5,3.816789814117756e-05
"
",f,7,5.3435057397648584e-05
3,d,4,3.0534318512942044e-05
:,m,26,0.0001984730703341233
w,3,2,1.5267159256471022e-05
6,/,1,7.633579628235511e-06
c,3,17,0.0001297708536800037
l,#,31,0.00023664096847530086
.,1,122,0.0009312967146447325
p,+,2,1.5267159256471022e-05
u,),9,6.87022166541196e-05
),t,1,7.633579628235511e-06
u,z,3,2.2900738884706536e-05
o,z,13,9.923653516706165e-05
>,h,39,0.00029770960550118495
i,/,20,0.00015267159256471025
1,#,34,0.0002595417073600074
/,1,47,0.00035877824252706904
1,:,55,0.0004198468795529531
1,<,12,9.160295553882615e-05
2,<,8,6.106863702588409e-05
8,#,6,4.580147776941307e-05
>,w,8,6.106863702588409e-05
v,<,6,4.580147776941307e-05
0,<,3,2.2900738884706536e-05
k,},1,7.633579628235511e-06
3,<,9,6.87022166541196e-05
4,<,7,5.3435057397648584e-05
5,<,5,3.816789814117756e-05
6,<,3,2.2900738884706536e-05
3,#,2,1.5267159256471022e-05
2,#,4,3.0534318512942044e-05
9,#,1,7.633579628235511e-06
3,x,2,1.5267159256471022e-05
5,#,8,6.106863702588409e-05
#,f,14,0.00010687011479529717
.,7,7,5.3435057397648584e-05
7,<,2,1.5267159256471022e-05
8,<,2,1.5267159256471022e-05
4,x,12,9.160295553882615e-05
-,"
",3,2.2900738884706536e-05
.,9,5,3.816789814117756e-05
9,<,1,7.633579628235511e-06
6,#,2,1.5267159256471022e-05
#,p,4,3.0534318512942044e-05
#,u,6,4.580147776941307e-05
4,#,2,1.5267159256471022e-05
f,?,3,2.2900738884706536e-05
?,d,6,4.580147776941307e-05
=,-,3,2.2900738884706536e-05
f,&,3,2.2900738884706536e-05
v,-,9,6.87022166541196e-05
7,#,1,7.633579628235511e-06
5,x,4,3.0534318512942044e-05
s,#,13,9.923653516706165e-05
#,i,4,3.0534318512942044e-05
#,r,2,1.5267159256471022e-05
s,4,13,9.923653516706165e-05
s,5,9,6.87022166541196e-05
(,*,14,0.00010687011479529717
*,),14,0.00010687011479529717
%,"""",28,0.00021374022959059434
%,',14,0.00010687011479529717
à, ,64,0.0004885490962070727
v,y,41,0.000312976764757656
+,n,1,7.633579628235511e-06
[,8,5,3.816789814117756e-05
c,z,19,0.00014503801293647473
_,6,8,6.106863702588409e-05
},>,1,7.633579628235511e-06
b,w,60,0.0004580147776941307
+,e,1,7.633579628235511e-06
+,p,2,1.5267159256471022e-05
+,s,3,2.2900738884706536e-05
0,:,30,0.00022900738884706534
2,:,59,0.0004503811980658952
d,[,21,0.00016030517219294574
b,h,38,0.00029007602587294946
t,#,2,1.5267159256471022e-05
#,w,2,1.5267159256471022e-05
^,h,2,1.5267159256471022e-05
:,w,9,6.87022166541196e-05
},{,5,3.816789814117756e-05
z,l,2,1.5267159256471022e-05
^,-,2,1.5267159256471022e-05
-,?,2,1.5267159256471022e-05
?,\\,7,5.3435057397648584e-05
\\,d,18,0.0001374044333082392
+,$,2,1.5267159256471022e-05
3,t,13,9.923653516706165e-05
6,:,3,2.2900738884706536e-05
8,:,4,3.0534318512942044e-05
4,:,6,4.580147776941307e-05
3,:,3,2.2900738884706536e-05
9,:,1,7.633579628235511e-06
',y,14,0.00010687011479529717
y,x,65,0.0004961826758353082
f,[,4,3.0534318512942044e-05
2,u,16,0.00012213727405176818
[,#,1,7.633579628235511e-06
#,e,68,0.0005190834147200148
v,#,1,7.633579628235511e-06
#,[,1,7.633579628235511e-06
\\,[,3,2.2900738884706536e-05
7,(,15,0.00011450369442353267
{,t,3,2.2900738884706536e-05
>,-,2,1.5267159256471022e-05
-,<,1,7.633579628235511e-06
[,"
",6,4.580147776941307e-05
],"
",5,3.816789814117756e-05
{,e,6,4.580147776941307e-05
l,%,1,7.633579628235511e-06
%,<,4,3.0534318512942044e-05
{,',4,3.0534318512942044e-05
m,é,9,6.87022166541196e-05
r,â,2,1.5267159256471022e-05
 ,ç,6,4.580147776941307e-05
ç,a,7,5.3435057397648584e-05
t,é,51,0.0003893125610400111
*,r,1,7.633579628235511e-06
l,*,1,7.633579628235511e-06
+,b,1,7.633579628235511e-06
	,{,1,7.633579628235511e-06
	,&,20,0.00015267159256471025
\\,"
",4,3.0534318512942044e-05
\\, ,1,7.633579628235511e-06
q,"
",3,2.2900738884706536e-05
q,o,18,0.0001374044333082392
n,],14,0.00010687011479529717
j,"
",4,3.0534318512942044e-05
b,1,87,0.0006641214276564895
6,;,7,5.3435057397648584e-05
",",e,21,0.00016030517219294574
l,!,32,0.00024427454810353635
-,\\,5,3.816789814117756e-05
#, ,11,8.396937591059063e-05
0,t,13,9.923653516706165e-05
w,z,4,3.0534318512942044e-05
0,h,3,2.2900738884706536e-05
h,1,17,0.0001297708536800037
b,0,15,0.00011450369442353267
(,/,1,7.633579628235511e-06
*,k,1,7.633579628235511e-06
*,",",1,7.633579628235511e-06
p,*,1,7.633579628235511e-06
',@,1,7.633579628235511e-06
@,',1,7.633579628235511e-06
h,},5,3.816789814117756e-05
g,\\,11,8.396937591059063e-05
/,_,11,8.396937591059063e-05
n,\\,26,0.0001984730703341233
#,!,6,4.580147776941307e-05
!,/,6,4.580147776941307e-05
{,d,34,0.0002595417073600074
j,},2,1.5267159256471022e-05
c,\\,9,6.87022166541196e-05
',é,8,6.106863702588409e-05
é,c,41,0.000312976764757656
8,j,59,0.0004503811980658952
',x,2,1.5267159256471022e-05
8,n,3,2.2900738884706536e-05
b,+,1,7.633579628235511e-06
r,é,102,0.0007786251220800222
é,u,3,2.2900738884706536e-05
c,q,12,9.160295553882615e-05
\\,(,10,7.633579628235512e-05
(,.,8,6.106863702588409e-05
*,\\,16,0.00012213727405176818
\\,),9,6.87022166541196e-05
	,?,3,2.2900738884706536e-05
	,:,2,1.5267159256471022e-05
c,:,20,0.00015267159256471025
f,v,5,3.816789814117756e-05
(,9,16,0.00012213727405176818
u,ê,2,1.5267159256471022e-05
ê,t,29,0.00022137380921882985
o,q,24,0.0001832059110776523
h,],18,0.0001374044333082392
x,q,3,2.2900738884706536e-05
=,n,11,8.396937591059063e-05
{,c,2,1.5267159256471022e-05
<,z,1,7.633579628235511e-06
7,/,3,2.2900738884706536e-05
7,x,26,0.0001984730703341233
7,e,7,5.3435057397648584e-05
7,t,1,7.633579628235511e-06
',+,4,3.0534318512942044e-05
+,',3,2.2900738884706536e-05
',!,3,2.2900738884706536e-05
!,',3,2.2900738884706536e-05
',^,1,7.633579628235511e-06
^,',1,7.633579628235511e-06
',$,3,2.2900738884706536e-05
$,',3,2.2900738884706536e-05
',<,8,6.106863702588409e-05
<,',3,2.2900738884706536e-05
',>,6,4.580147776941307e-05
.,?,2,1.5267159256471022e-05
"""",|,28,0.00021374022959059434
|,"""",27,0.00020610664996235882
d,0,16,0.00012213727405176818
l,8,7,5.3435057397648584e-05
;,v,8,6.106863702588409e-05
:,4,2,1.5267159256471022e-05
4,/,1,7.633579628235511e-06
0,s,7,5.3435057397648584e-05
[,m,3,2.2900738884706536e-05
z,d,11,8.396937591059063e-05
8,w,2,1.5267159256471022e-05
/,@,2,1.5267159256471022e-05
4,_,8,6.106863702588409e-05
5,_,3,2.2900738884706536e-05
6,_,2,1.5267159256471022e-05
 ,^,4,3.0534318512942044e-05
^, ,7,5.3435057397648584e-05
p,},4,3.0534318512942044e-05
m,ê,14,0.00010687011479529717
ê,m,14,0.00010687011479529717
é,e,32,0.00024427454810353635
é,s,44,0.0003358775036423625
n,é,8,6.106863702588409e-05
g,é,13,9.923653516706165e-05
é,r,70,0.0005343505739764859
é,p,5,3.816789814117756e-05
é,a,14,0.00010687011479529717
},p,1,7.633579628235511e-06
u,é,9,6.87022166541196e-05
é,"
",9,6.87022166541196e-05
f,é,21,0.00016030517219294574
k,y,6,4.580147776941307e-05
é,q,1,7.633579628235511e-06
8,*,3,2.2900738884706536e-05
*,v,3,2.2900738884706536e-05
t,8,11,8.396937591059063e-05
1,',13,9.923653516706165e-05
r,@,9,6.87022166541196e-05
@,e,11,8.396937591059063e-05
5,;,5,3.816789814117756e-05
',w,6,4.580147776941307e-05
1,@,1,7.633579628235511e-06
2,@,1,7.633579628235511e-06
3,@,1,7.633579628235511e-06
4,@,1,7.633579628235511e-06
m,h,15,0.00011450369442353267
u,",",25,0.00019083949070588778
|,"
",1,7.633579628235511e-06
v,b,23,0.00017557233144941677
(,},7,5.3435057397648584e-05
:,r,7,5.3435057397648584e-05
9,a,9,6.87022166541196e-05
0,b,3,2.2900738884706536e-05
$,$,2,1.5267159256471022e-05
$,b,1,7.633579628235511e-06
*,t,1,7.633579628235511e-06
*,f,1,7.633579628235511e-06
',c,75,0.0005725184721176634
x,-,14,0.00010687011479529717
=,i,4,3.0534318512942044e-05
j,l,5,3.816789814117756e-05
;,r,3,2.2900738884706536e-05
y,],4,3.0534318512942044e-05
7,f,4,3.0534318512942044e-05
5,-,7,5.3435057397648584e-05
q,w,19,0.00014503801293647473
:,2,17,0.0001297708536800037
a,],2,1.5267159256471022e-05
b,],2,1.5267159256471022e-05
:,1,8,6.106863702588409e-05
",",2,8,6.106863702588409e-05
m,3,23,0.00017557233144941677
{,7,1,7.633579628235511e-06
;,/,5,3.816789814117756e-05
	,+,5,3.816789814117756e-05
(,[,5,3.816789814117756e-05
[,^,4,3.0534318512942044e-05
^,\\,10,7.633579628235512e-05
+,:,2,1.5267159256471022e-05
&,(,2,1.5267159256471022e-05
.,),11,8.396937591059063e-05
),?,3,2.2900738884706536e-05
l,é,24,0.0001832059110776523
r,ê,12,9.160295553882615e-05
a,î,10,7.633579628235512e-05
î,n,8,6.106863702588409e-05
f,<,228,0.0017404561552376966
u,q,56,0.00042748045918118867
 ,é,31,0.00023664096847530086
é,v,4,3.0534318512942044e-05
i,é,20,0.00015267159256471025
é,t,35,0.00026717528698824293
l,è,2,1.5267159256471022e-05
è,v,2,1.5267159256471022e-05
v,é,9,6.87022166541196e-05
é,.,1,7.633579628235511e-06
',à,3,2.2900738884706536e-05
p,é,13,9.923653516706165e-05
c,<,41,0.000312976764757656
é,j,4,3.0534318512942044e-05
j,à,4,3.0534318512942044e-05
 ,ê,15,0.00011450369442353267
o,ù,4,3.0534318512942044e-05
ù, ,4,3.0534318512942044e-05
é,b,4,3.0534318512942044e-05
é,l,16,0.00012213727405176818
j,',7,5.3435057397648584e-05
u,"
",4,3.0534318512942044e-05
é,é,1,7.633579628235511e-06
g,è,1,7.633579628235511e-06
p,è,7,5.3435057397648584e-05
i,è,4,3.0534318512942044e-05
è,m,1,7.633579628235511e-06
#,n,42,0.0003206103443858915
î,t,3,2.2900738884706536e-05
c,è,2,1.5267159256471022e-05
é,n,5,3.816789814117756e-05
n,œ,1,7.633579628235511e-06
œ,u,1,7.633579628235511e-06
a,ç,2,1.5267159256471022e-05
ç,o,2,1.5267159256471022e-05
h,é,4,3.0534318512942044e-05
n,è,3,2.2900738884706536e-05
d,!,1,7.633579628235511e-06
é,g,2,1.5267159256471022e-05
\\,w,9,6.87022166541196e-05
w,|,1,7.633579628235511e-06
|,\\,15,0.00011450369442353267
?,|,1,7.633579628235511e-06
^,a,1,7.633579628235511e-06
z,],7,5.3435057397648584e-05
],*,5,3.816789814117756e-05
$,4,19,0.00014503801293647473
$,5,15,0.00011450369442353267
t,z,12,9.160295553882615e-05
v,"
",6,4.580147776941307e-05
 ,`,7,5.3435057397648584e-05
`,s,1,7.633579628235511e-06
e,`,5,3.816789814117756e-05
`, ,6,4.580147776941307e-05
`,c,1,7.633579628235511e-06
t,`,1,7.633579628235511e-06
`,"
",1,7.633579628235511e-06
5,s,3,2.2900738884706536e-05
=,1,3,2.2900738884706536e-05
#,o,1,7.633579628235511e-06
",",r,4,3.0534318512942044e-05
#,>,30,0.00022900738884706534
q,},8,6.106863702588409e-05
",",a,14,0.00010687011479529717
v,},1,7.633579628235511e-06
{,s,7,5.3435057397648584e-05
;,n,8,6.106863702588409e-05
t,],20,0.00015267159256471025
;,g,1,7.633579628235511e-06
m,9,13,9.923653516706165e-05
9,m,12,9.160295553882615e-05
9,c,5,3.816789814117756e-05
9,v,2,1.5267159256471022e-05
x,5,5,3.816789814117756e-05
=,f,1,7.633579628235511e-06
(,y,2,1.5267159256471022e-05
0,%,4,3.0534318512942044e-05
/,n,25,0.00019083949070588778
=,$,1,7.633579628235511e-06
(,;,9,6.87022166541196e-05
i,<,1,7.633579628235511e-06
m,+,5,3.816789814117756e-05
#,.,1,7.633579628235511e-06
.,#,2,1.5267159256471022e-05
d,*,2,1.5267159256471022e-05
u,5,6,4.580147776941307e-05
4,s,1,7.633579628235511e-06
"""",3,3,2.2900738884706536e-05
"""",4,17,0.0001297708536800037
),i,1,7.633579628235511e-06
k,m,11,8.396937591059063e-05
u,:,1,7.633579628235511e-06
*,-,3,2.2900738884706536e-05
\\,*,6,4.580147776941307e-05
n,ç,1,7.633579628235511e-06
),n,1,7.633579628235511e-06
g,î,1,7.633579628235511e-06
',f,8,6.106863702588409e-05
t,ô,1,7.633579628235511e-06
ô,m,1,7.633579628235511e-06
_,7,27,0.00020610664996235882
_,9,8,6.106863702588409e-05
v,d,16,0.00012213727405176818
>,$,2,1.5267159256471022e-05
),-,2,1.5267159256471022e-05
"""",2,14,0.00010687011479529717
	,;,1,7.633579628235511e-06
;,è,1,7.633579628235511e-06
è,é,1,7.633579628235511e-06
é,à,1,7.633579628235511e-06
à,ç,1,7.633579628235511e-06
ç,ù,1,7.633579628235511e-06
ù,.,1,7.633579628235511e-06
"""",@,5,3.816789814117756e-05
@,$,1,7.633579628235511e-06
$,?,1,7.633579628235511e-06
?,-,1,7.633579628235511e-06
-,!,1,7.633579628235511e-06
!,_,1,7.633579628235511e-06
_,-,1,7.633579628235511e-06
;,",",1,7.633579628235511e-06
",",<,1,7.633579628235511e-06
>,/,1,7.633579628235511e-06
/,(,1,7.633579628235511e-06
[,5,1,7.633579628235511e-06
5,],3,2.2900738884706536e-05
[,6,1,7.633579628235511e-06
6,],2,1.5267159256471022e-05
[,7,2,1.5267159256471022e-05
7,],2,1.5267159256471022e-05
%,.,6,4.580147776941307e-05
f,0,15,0.00011450369442353267
f,5,23,0.00017557233144941677
f,6,2,1.5267159256471022e-05
f,7,4,3.0534318512942044e-05
m,6,3,2.2900738884706536e-05
t,7,1,7.633579628235511e-06
g,5,3,2.2900738884706536e-05
d,?,4,3.0534318512942044e-05
?,s,3,2.2900738884706536e-05
b,5,2,1.5267159256471022e-05
},m,4,3.0534318512942044e-05
e,?,2,1.5267159256471022e-05
x,8,9,6.87022166541196e-05
m,4,7,5.3435057397648584e-05
g,<,18,0.0001374044333082392
 ,£,1,7.633579628235511e-06
£,f,1,7.633579628235511e-06
%,5,1,7.633579628235511e-06
5,d,1,7.633579628235511e-06
:,3,2,1.5267159256471022e-05
*,<,2,1.5267159256471022e-05
>,*,1,7.633579628235511e-06
{,f,2,1.5267159256471022e-05
',1,8,6.106863702588409e-05
",",8,3,2.2900738884706536e-05
s,{,3,2.2900738884706536e-05
),p,4,3.0534318512942044e-05
7,u,18,0.0001374044333082392
z,m,1,7.633579628235511e-06
l,7,10,7.633579628235512e-05
b,z,1,7.633579628235511e-06
2,j,9,6.87022166541196e-05
>,p,8,6.106863702588409e-05
>,o,6,4.580147776941307e-05
?,j,1,7.633579628235511e-06
n,…,1,7.633579628235511e-06
…,"
",1,7.633579628235511e-06
g,#,2,1.5267159256471022e-05
#,8,69,0.0005267169943482503
5,"
",3,2.2900738884706536e-05
?,w,2,1.5267159256471022e-05
s,&,5,3.816789814117756e-05
j,r,16,0.00012213727405176818
>,%,2,1.5267159256471022e-05
m,z,1,7.633579628235511e-06
y,\\,15,0.00011450369442353267
w,[,4,3.0534318512942044e-05
k,2,7,5.3435057397648584e-05
l,[,10,7.633579628235512e-05
\\,+,2,1.5267159256471022e-05
+,\\,12,9.160295553882615e-05
s,*,24,0.0001832059110776523
d,{,3,2.2900738884706536e-05
},[,2,1.5267159256471022e-05
],\\,1,7.633579628235511e-06
$,-,1,7.633579628235511e-06
-,j,22,0.00016793875182118126
j,0,1,7.633579628235511e-06
$,+,2,1.5267159256471022e-05
',j,1,7.633579628235511e-06
\\,$,6,4.580147776941307e-05
$,\\,6,4.580147776941307e-05
\\,-,11,8.396937591059063e-05
j,\\,5,3.816789814117756e-05
p,{,1,7.633579628235511e-06
2,?,1,7.633579628235511e-06
?,p,2,1.5267159256471022e-05
q,2,15,0.00011450369442353267
t,?,3,2.2900738884706536e-05
&,t,1,7.633579628235511e-06
?,a,2,1.5267159256471022e-05
?,t,3,2.2900738884706536e-05
i,?,2,1.5267159256471022e-05
?,n,2,1.5267159256471022e-05
j,b,60,0.0004580147776941307
4,"
",3,2.2900738884706536e-05
*,],1,7.633579628235511e-06
a,?,2,1.5267159256471022e-05
b,},2,1.5267159256471022e-05
h,?,1,7.633579628235511e-06
=,&,1,7.633579628235511e-06
&,r,2,1.5267159256471022e-05
?,i,1,7.633579628235511e-06
o,%,1,7.633579628235511e-06
.,(,8,6.106863702588409e-05
8,s,19,0.00014503801293647473
\\,!,1,7.633579628235511e-06
0,\\,15,0.00011450369442353267
5,\\,2,1.5267159256471022e-05
6,\\,2,1.5267159256471022e-05
o,\\,6,4.580147776941307e-05
3,\\,1,7.633579628235511e-06
c,=,6,4.580147776941307e-05
e,5,7,5.3435057397648584e-05
4,b,16,0.00012213727405176818
b,8,15,0.00011450369442353267
8,a,14,0.00010687011479529717
5,c,5,3.816789814117756e-05
6,c,5,3.816789814117756e-05
e,9,5,3.816789814117756e-05
9,d,18,0.0001374044333082392
5,b,6,4.580147776941307e-05
),|,2,1.5267159256471022e-05
v,:,2,1.5267159256471022e-05
<,<,1,7.633579628235511e-06
^,"""",1,7.633579628235511e-06
w,<,4,3.0534318512942044e-05
@,h,1,7.633579628235511e-06
q,\\,1,7.633579628235511e-06
*,s,1,7.633579628235511e-06
),*,1,7.633579628235511e-06
t,|,1,7.633579628235511e-06
|,l,1,7.633579628235511e-06
w,2,13,9.923653516706165e-05
},	,2,1.5267159256471022e-05
e,@,1,7.633579628235511e-06
y,#,2,1.5267159256471022e-05
/,9,1,7.633579628235511e-06
",",k,1,7.633579628235511e-06
\\,f,4,3.0534318512942044e-05
*,1,3,2.2900738884706536e-05
w,*,2,1.5267159256471022e-05
*,?,6,4.580147776941307e-05
?,.,1,7.633579628235511e-06
",",6,3,2.2900738884706536e-05
\\,p,2,1.5267159256471022e-05
*,$,7,5.3435057397648584e-05
b,4,10,7.633579628235512e-05
+,-,1,7.633579628235511e-06
-,[,1,7.633579628235511e-06
*,|,10,7.633579628235512e-05
),+,1,7.633579628235511e-06
+,.,1,7.633579628235511e-06
6,"
",4,3.0534318512942044e-05
$,v,4,3.0534318512942044e-05
"""",8,7,5.3435057397648584e-05
"""",£,2,1.5267159256471022e-05
£,t,2,1.5267159256471022e-05
q,9,2,1.5267159256471022e-05
a,5,11,8.396937591059063e-05
a,7,2,1.5267159256471022e-05
a,8,6,4.580147776941307e-05
a,9,4,3.0534318512942044e-05
j,h,1,7.633579628235511e-06
b,[,3,2.2900738884706536e-05
(,=,1,7.633579628235511e-06
/,4,1,7.633579628235511e-06
:,o,1,7.633579628235511e-06
\\,m,2,1.5267159256471022e-05
\\,k,2,1.5267159256471022e-05
\\,t,2,1.5267159256471022e-05
\\,c,2,1.5267159256471022e-05
\\,l,1,7.633579628235511e-06
5,e,2,1.5267159256471022e-05
!,z,1,7.633579628235511e-06
<,q,1,7.633579628235511e-06
q,>,1,7.633579628235511e-06
],g,1,7.633579628235511e-06
s,0,170,0.001297708536800037
0,w,19,0.00014503801293647473
w,4,3,2.2900738884706536e-05
0,o,6,4.580147776941307e-05
i,9,1,7.633579628235511e-06
7,-,15,0.00011450369442353267
w,0,15,0.00011450369442353267
m,5,9,6.87022166541196e-05
{,	,2,1.5267159256471022e-05
/,8,2,1.5267159256471022e-05
+,v,4,3.0534318512942044e-05
`,p,1,7.633579628235511e-06
h,`,1,7.633579628235511e-06
`,r,2,1.5267159256471022e-05
`,f,1,7.633579628235511e-06
`,t,1,7.633579628235511e-06
{,g,1,7.633579628235511e-06
n,%,2,1.5267159256471022e-05
:,;,11,8.396937591059063e-05
\\,|,2,1.5267159256471022e-05
{,j,3,2.2900738884706536e-05
\\,{,2,1.5267159256471022e-05
\\,},2,1.5267159256471022e-05
\\,],2,1.5267159256471022e-05
\\,/,3,2.2900738884706536e-05
j,-,4,3.0534318512942044e-05
+,|,3,2.2900738884706536e-05
w,',1,7.633579628235511e-06
2,g,4,3.0534318512942044e-05
=,a,4,3.0534318512942044e-05
?,*,2,1.5267159256471022e-05
l,{,1,7.633579628235511e-06
=,l,3,2.2900738884706536e-05
[,q,1,7.633579628235511e-06
;,w,3,2.2900738884706536e-05
(,&,2,1.5267159256471022e-05
),(,2,1.5267159256471022e-05
z,j,2,1.5267159256471022e-05
=,.,1,7.633579628235511e-06
k,\\,2,1.5267159256471022e-05
*,:,1,7.633579628235511e-06
*,h,2,1.5267159256471022e-05
*,=,8,6.106863702588409e-05
*,w,1,7.633579628235511e-06
*,x,1,7.633579628235511e-06
x,\\,5,3.816789814117756e-05
*,y,1,7.633579628235511e-06
+,x,1,7.633579628235511e-06
<,\\,1,7.633579628235511e-06
?,x,1,7.633579628235511e-06
',k,4,3.0534318512942044e-05
#,3,67,0.0005114498350917793
#,7,97,0.0007404572239388446
4,c,1,7.633579628235511e-06
#,0,4,3.0534318512942044e-05
d,6,13,9.923653516706165e-05
#,b,1,7.633579628235511e-06
2,b,2,1.5267159256471022e-05
2,f,6,4.580147776941307e-05
#,9,75,0.0005725184721176634
e,7,1,7.633579628235511e-06
b,7,2,1.5267159256471022e-05
7,b,13,9.923653516706165e-05
5,a,2,1.5267159256471022e-05
#,",",1,7.633579628235511e-06
0,/,1,7.633579628235511e-06
/,#,1,7.633579628235511e-06
#,v,1,7.633579628235511e-06
n,6,7,5.3435057397648584e-05
),d,1,7.633579628235511e-06
%,r,2,1.5267159256471022e-05
d,%,8,6.106863702588409e-05
%,",",2,1.5267159256471022e-05
%,u,1,7.633579628235511e-06
%,w,1,7.633579628235511e-06
e,%,2,1.5267159256471022e-05
9,f,1,7.633579628235511e-06
?,r,1,7.633579628235511e-06
},_,2,1.5267159256471022e-05
{,p,3,2.2900738884706536e-05
@, ,1,7.633579628235511e-06
h,+,1,7.633579628235511e-06
o,],3,2.2900738884706536e-05
+,[,1,7.633579628235511e-06
p,],2,1.5267159256471022e-05
),$,1,7.633579628235511e-06
7,d,4,3.0534318512942044e-05
7,s,2,1.5267159256471022e-05
"
",s,2,1.5267159256471022e-05
/,:,57,0.00043511403880942416
:,l,24,0.0001832059110776523
:,u,9,6.87022166541196e-05
:,d,19,0.00014503801293647473
0,*,2,1.5267159256471022e-05
*,8,1,7.633579628235511e-06
4,\\,3,2.2900738884706536e-05
#,/,23,0.00017557233144941677
x,g,18,0.0001374044333082392
+,o,17,0.0001297708536800037
w,\\,6,4.580147776941307e-05
4,w,7,5.3435057397648584e-05
j,k,4,3.0534318512942044e-05
",",o,3,2.2900738884706536e-05
",",4,7,5.3435057397648584e-05
",",b,6,4.580147776941307e-05
",",5,2,1.5267159256471022e-05
",",1,2,1.5267159256471022e-05
",",c,4,3.0534318512942044e-05
",",3,8,6.106863702588409e-05
p,6,2,1.5267159256471022e-05
p,\\,2,1.5267159256471022e-05
_,\\,1,7.633579628235511e-06
q,i,10,7.633579628235512e-05
k,z,2,1.5267159256471022e-05
k,q,7,5.3435057397648584e-05
v,5,7,5.3435057397648584e-05
v,%,1,7.633579628235511e-06
[,=,1,7.633579628235511e-06
=,;,1,7.633579628235511e-06
;,],1,7.633579628235511e-06
v,j,3,2.2900738884706536e-05
),a,1,7.633579628235511e-06
0,m,4,3.0534318512942044e-05
>,#,1,7.633579628235511e-06
#,<,1,7.633579628235511e-06
?,:,1,7.633579628235511e-06
:,v,20,0.00015267159256471025
e,|,1,7.633579628235511e-06
|,g,1,7.633579628235511e-06
(,",",2,1.5267159256471022e-05
",",[,1,7.633579628235511e-06
:,(,1,7.633579628235511e-06
=,?,2,1.5267159256471022e-05
d,z,12,9.160295553882615e-05
b,q,18,0.0001374044333082392
q,e,12,9.160295553882615e-05
1,z,5,3.816789814117756e-05
2,z,15,0.00011450369442353267
3,z,6,4.580147776941307e-05
5,n,5,3.816789814117756e-05
5,t,8,6.106863702588409e-05
5,r,5,3.816789814117756e-05
5,z,10,7.633579628235512e-05
2,i,1,7.633579628235511e-06
>,1,1,7.633579628235511e-06
",",.,1,7.633579628235511e-06
\\,0,8,6.106863702588409e-05
=,m,1,7.633579628235511e-06
=,c,2,1.5267159256471022e-05
0,_,3,2.2900738884706536e-05
3,i,4,3.0534318512942044e-05
$,e,80,0.000610686370258841
0,z,1,7.633579628235511e-06
9,r,2,1.5267159256471022e-05
n,8,3,2.2900738884706536e-05
0,j,1,7.633579628235511e-06
0,k,1,7.633579628235511e-06
n,9,8,6.106863702588409e-05
n,7,2,1.5267159256471022e-05
0,g,1,7.633579628235511e-06
/,$,1,7.633579628235511e-06
s,@,1,7.633579628235511e-06
j,v,13,9.923653516706165e-05
#,t,1,7.633579628235511e-06
",",@,1,7.633579628235511e-06
g,4,1,7.633579628235511e-06
j,2,4,3.0534318512942044e-05
l,q,17,0.0001297708536800037
/,},1,7.633579628235511e-06
:,0,1,7.633579628235511e-06
4,z,1,7.633579628235511e-06
5,:,1,7.633579628235511e-06
:,5,1,7.633579628235511e-06
7,z,1,7.633579628235511e-06
:,8,4,3.0534318512942044e-05
5,/,3,2.2900738884706536e-05
z,b,2,1.5267159256471022e-05
p,z,3,2.2900738884706536e-05
j,f,8,6.106863702588409e-05
j,m,52,0.0003969461406682466
j,n,11,8.396937591059063e-05
j,q,6,4.580147776941307e-05
w,9,1,7.633579628235511e-06
],=,1,7.633579628235511e-06
p,[,5,3.816789814117756e-05
k,x,3,2.2900738884706536e-05
#,k,3,2.2900738884706536e-05
p,8,1,7.633579628235511e-06
e,6,17,0.0001297708536800037
4,a,12,9.160295553882615e-05
6,f,12,9.160295553882615e-05
<,!,2,1.5267159256471022e-05
@,\\,1,7.633579628235511e-06
%,%,3,2.2900738884706536e-05
1,g,1,7.633579628235511e-06
;,u,2,1.5267159256471022e-05
f,%,1,7.633579628235511e-06
s,|,1,7.633579628235511e-06
/,|,1,7.633579628235511e-06
(,|,1,7.633579628235511e-06
{,|,1,7.633579628235511e-06
},|,1,7.633579628235511e-06
[,|,1,7.633579628235511e-06
],|,1,7.633579628235511e-06
|,=,1,7.633579628235511e-06
=,|,1,7.633579628235511e-06
|,",",1,7.633579628235511e-06
",",|,1,7.633579628235511e-06
|,:,1,7.633579628235511e-06
:,|,1,7.633579628235511e-06
|,;,1,7.633579628235511e-06
;,|,1,7.633579628235511e-06
|,+,1,7.633579628235511e-06
|,*,9,6.87022166541196e-05
.,:,1,7.633579628235511e-06
$,6,11,8.396937591059063e-05
$,7,11,8.396937591059063e-05
$,8,7,5.3435057397648584e-05
=,/,1,7.633579628235511e-06
k,',1,7.633579628235511e-06
"
",*,2,1.5267159256471022e-05
=,u,1,7.633579628235511e-06
},<,2,1.5267159256471022e-05
y,?,1,7.633579628235511e-06
@,1,2,1.5267159256471022e-05
1,v,10,7.633579628235512e-05
r,5,2,1.5267159256471022e-05
",",0,5,3.816789814117756e-05
_,$,1,7.633579628235511e-06
&,\\,1,7.633579628235511e-06
w,+,6,4.580147776941307e-05
y,@,1,7.633579628235511e-06
x,z,11,8.396937591059063e-05
?,z,4,3.0534318512942044e-05
l,4,33,0.0002519081277317719
m,7,1,7.633579628235511e-06
m,8,1,7.633579628235511e-06
8,',2,1.5267159256471022e-05
6,n,2,1.5267159256471022e-05
l,5,14,0.00010687011479529717
l,6,12,9.160295553882615e-05
?,0,2,1.5267159256471022e-05
',2,3,2.2900738884706536e-05
',3,2,1.5267159256471022e-05
+,4,4,3.0534318512942044e-05
),v,1,7.633579628235511e-06
v,9,4,3.0534318512942044e-05
z,k,2,1.5267159256471022e-05
u,k,1,7.633579628235511e-06
1,},1,7.633579628235511e-06
0,?,1,7.633579628235511e-06
0,v,2,1.5267159256471022e-05
u,3,7,5.3435057397648584e-05
3,g,1,7.633579628235511e-06
u,1,1,7.633579628235511e-06
i,[,1,7.633579628235511e-06
:,*,1,7.633579628235511e-06
>,|,1,7.633579628235511e-06
|,],1,7.633579628235511e-06
5,p,2,1.5267159256471022e-05
",",-,15,0.00011450369442353267
c,+,3,2.2900738884706536e-05
',#,1,7.633579628235511e-06
#,',1,7.633579628235511e-06
;,j,2,1.5267159256471022e-05
&,x,1,7.633579628235511e-06
=,r,1,7.633579628235511e-06
=,k,1,7.633579628235511e-06
@,%,2,1.5267159256471022e-05
+,@,1,7.633579628235511e-06
@,[,1,7.633579628235511e-06
4,h,2,1.5267159256471022e-05
[,9,1,7.633579628235511e-06
3,w,1,7.633579628235511e-06
|,-,8,6.106863702588409e-05
-,|,8,6.106863702588409e-05
v,6,3,2.2900738884706536e-05
v,7,3,2.2900738884706536e-05
l,9,6,4.580147776941307e-05
=,(,5,3.816789814117756e-05
$,9,4,3.0534318512942044e-05
t,%,1,7.633579628235511e-06
t,!,2,1.5267159256471022e-05
c,[,8,6.106863702588409e-05
z,6,1,7.633579628235511e-06
4,},2,1.5267159256471022e-05
q,_,2,1.5267159256471022e-05
=,6,1,7.633579628235511e-06
=,3,1,7.633579628235511e-06
=,7,1,7.633579628235511e-06
/,\\,1,7.633579628235511e-06
),/,1,7.633579628235511e-06
k,=,1,7.633579628235511e-06
#,1,312,0.0023816768440094796
#,5,49,0.0003740454017835401
h,3,10,7.633579628235512e-05
h,4,5,3.816789814117756e-05
[,-,20,0.00015267159256471025
8,],3,2.2900738884706536e-05
=,#,1,7.633579628235511e-06
=,x,1,7.633579628235511e-06
=,s,2,1.5267159256471022e-05
',4,5,3.816789814117756e-05
q,1,62,0.0004732819369506017
:,q,1,7.633579628235511e-06
q,0,1,7.633579628235511e-06
9,i,24,0.0001832059110776523
9,u,8,6.106863702588409e-05
c,j,2,1.5267159256471022e-05
u,9,4,3.0534318512942044e-05
i,$,7,5.3435057397648584e-05
b,3,3,2.2900738884706536e-05
k,7,1,7.633579628235511e-06
$,x,15,0.00011450369442353267
s,6,1,7.633579628235511e-06
d,9,1,7.633579628235511e-06
h,&,1,7.633579628235511e-06
q,b,5,3.816789814117756e-05
},s,1,7.633579628235511e-06
2,>,1,7.633579628235511e-06
1,>,1,7.633579628235511e-06
