#,!,1978,0.025923872151011666
!,/,1978,0.025923872151011666
/,u,1981,0.02596319046064414
u,s,6706,0.08788952813179182
s,r,4150,0.05439032832492337
r,/,1988,0.026054933183119917
/,b,1990,0.026081145389541566
b,i,2474,0.03242449934358082
i,n,57829,0.7579128425787935
n,/,2212,0.028990700302344696
/,e,1991,0.02609425149275239
e,n,39023,0.5114394655960204
n,v,10990,0.14403607428696574
v, ,2183,0.02861062330923077
 ,p,14691,0.1925417622702287
p,y,2822,0.03698542326094789
y,t,2121,0.02779804491015963
t,h,14356,0.18815121769460236
h,o,2394,0.031376011086714825
o,n,23343,0.3059357672502858
n,3,2084,0.027313119091359108
3,.,2426,0.031795406389461225
.,8,1965,0.02575349280927094
8,"
",1984,0.026002508770276617
"
",#,35291,0.4625274884132218
#, ,8614,0.11289597305804575
 ,d,18004,0.23596228220769164
d,a,11256,0.14752229774104517
a,t,23829,0.31230533341074673
t,e,98377,1.2893391155713219
e, ,14912,0.195438211079821
 ,o,25396,0.33284259714210934
o,f,3994,0.052345776224034676
f, ,27066,0.35472978950418693
 ,c,18540,0.2429871535286938
c,o,17475,0.22902915360916526
v,e,9247,0.12119213639049792
e,r,49264,0.6456590685780782
r,s,6440,0.0844033046777124
s,i,13740,0.1800778581167342
i,o,9874,0.12940966310368512
n, ,21365,0.28001189509927416
 ,:,6732,0.08823028681527327
:, ,7316,0.09588425109039503
 ,1,2539,0.03327639605228444
1,8,2341,0.030681387616541107
8,/,1951,0.025570007364319393
/,1,2174,0.028492668380333347
1,0,26977,0.3535633463184235
0,/,1964,0.025740386706060117
/,2,2177,0.028531986689965823
2,0,6153,0.08064185305620565
0,2,3403,0.04460006922643716
2,3,2273,0.029790172598205013
3,"
",1962,0.02571417449963847
r,t,40123,0.5258561791279277
r, ,20257,0.26549033274168016
 ,v,6256,0.08199178168692062
 ,0,2470,0.03237207493073752
0,.,24476,0.32078498218815044
.,0,1999,0.02619910031843899
.,1,2090,0.027391755710624056
1,"
",2009,0.02633016135054724
"
","
",29956,0.39260642778347093
 ,g,3057,0.04006535751549174
g,l,2256,0.02956736884362099
l,o,28064,0.3678096805085902
o,b,8464,0.11093005757642202
b,a,2455,0.03217548338257515
a,l,33902,0.444323111053386
l, ,5226,0.06849249537977097
 ,i,13121,0.1719651802292336
i,m,11114,0.145661231085108
m,p,11470,0.1503270038281617
p,o,11636,0.15250261696115863
o,r,41197,0.5399321339763538
t,"
",4160,0.054521389357031616
"
",i,4055,0.053145248519895
t, ,18624,0.24408806619840306
 ,s,57354,0.7516874435536517
s,y,9259,0.12134940962902782
y,s,8918,0.11688022843413652
s,"
",4137,0.05421994898318264
 ,l,4862,0.0637218738110307
o,c,6268,0.08214905492545052
c,a,8482,0.11116596743421686
"
",f,5475,0.07175591507926636
f,r,4677,0.06129724471702809
r,o,14388,0.18857061299734876
o,m,19376,0.25394385581294343
m, ,7093,0.09296159007438107
 ,_,3987,0.052254033501558904
_,l,2122,0.027811151013370453
o,g,13974,0.18314468626806726
g,g,12164,0.15942263945647417
g,i,2971,0.0389382326393608
n,g,2812,0.036854362228839636
g, ,2765,0.03623837537793087
c,u,4674,0.061257926407395615
s,t,84069,1.101816990830839
t,o,14558,0.190798650543189
m,l,4548,0.059606557402831675
g,e,20243,0.2653068472967286
r,"
",2063,0.027037890923931784
 ,m,5573,0.0730403131939272
m,s,3227,0.04229339506133198
s,_,5738,0.07520282022371332
_,u,1988,0.026054933183119917
u,t,25599,0.3355031360939068
t,i,40631,0.5325140795590269
i,l,67625,0.8863002296320344
l,s,28212,0.3697493837837923
s, ,12472,0.16345931924540824
e,p,116949,1.5327456644027622
p,u,5056,0.06626445783393073
"
",l,1972,0.025845235531746717
 ,=,17331,0.22714187474680647
=, ,15895,0.2083215105360619
r,(,2986,0.039134824187523176
(,_,1967,0.025779705015692593
_,_,12062,0.15808581692897003
_,n,4384,0.05745715647625639
n,a,24318,0.3187142178808401
a,m,22201,0.29096859738352376
m,e,35499,0.46525355788107337
e,_,4728,0.06196565598078016
_,",",1970,0.02581902332532507
",", ,95306,1.2490902726108786
 ,"""",63860,0.8369557510432786
"""",a,23392,0.30657796630761625
a,0,4607,0.060379817492270345
0,e,4833,0.06334179681791678
p,a,13469,0.17652610414660067
a,e,18066,0.23677486060676278
e,s,32762,0.42938215339304564
s,1,1173,0.015373459066297616
1,"""",3362,0.04406271899479334
"""",),34732,0.4552011767183707
),"
",65640,0.8602846147585469
"
",s,2626,0.03441662703162621
p, ,2575,0.03374821576787414
s,(,6092,0.07984238076034533
(,l,4175,0.05471798090519399
r,),4430,0.058060037223954336
"
",d,20217,0.26496608861324716
d,o,2390,0.03132358667387153
a,"""",2120,0.027784938806948805
"""","
",2938,0.038505731233403576
i,t,5626,0.07373493666410093
e,m,8331,0.10918694584938231
 ,t,8943,0.11720788101440714
h,a,10136,0.13284346214492126
o,u,12451,0.16318409107798093
u,l,2285,0.029947445836734914
l,d,9222,0.1208644838102273
d,n,282,0.0036959211054526236
n,',343,0.004495393401312943
',t,295,0.0038663004471933475
 ,b,2534,0.033210865536230316
b,e,7262,0.09517652151701048
e,d,1897,0.024862277790934847
d, ,7245,0.09495371776242645
e,l,8385,0.10989467542276685
o,w,665,0.008715558635198564
w,:,244,0.0031978891834412776
:,"
",25185,0.3300772093646253
#,p,363,0.004757515465529442
p,r,13515,0.17712898489429862
c,c,4222,0.05533396775610276
a,r,11600,0.15203079724556892
r,d,2945,0.038597473955879355
 ,[,18485,0.2422663178520984
[,n,12620,0.16539902252061034
e,=,25805,0.3382029933553367
=,j,7734,0.10136260223251983
j,c,9504,0.12456040491567992
c,l,10362,0.1358054414705677
l,i,11777,0.15435057751388492
i,d,10571,0.1385446170416301
d,e,59391,0.778384575794102
n,t,35665,0.46742917101407033
i,f,14318,0.18765318577259102
f,i,100894,1.3223271773529681
i,e,14907,0.1953726805637669
=,x,139,0.001821748346304662
x,p,5922,0.0776143432145051
f,j,309,0.004049785892144896
j,1,674,0.008833513564095988
1,",",16269,0.2132231931369104
 ,h,9076,0.11895099274144685
a,s,11758,0.15410156155287927
s,q,9254,0.1212838791129737
q,u,11613,0.15220117658730964
u,o,9168,0.12015675423684274
o,t,9853,0.1291344349362578
=,f,13460,0.17640814921770326
f,a,13994,0.18340680833228376
s,e,32987,0.43233102661548123
e,],12472,0.16345931924540824
],",",17573,0.2303135517238261
m,m,9668,0.1267098058422552
m,a,14760,0.19344608339177563
a,n,18798,0.2463685281570866
n,d,11014,0.14435062076402552
d,=,1074,0.014075954848425951
=,p,2239,0.02934456508903697
c,",",908,0.011900341715429016
o,p,11847,0.1552680047386427
p,e,9900,0.1297504217871666
r,a,10299,0.1349797569682857
d,m,5809,0.07613335355168188
a,g,3954,0.05182153209560168
r,=,1524,0.019973701293297157
=,o,1245,0.01631709849747701
[,o,1243,0.01629088629105536
d,s,5957,0.07807305682688398
s,=,10917,0.1430793287525755
=,[,2129,0.02790289373584623
[,d,1235,0.01618603746536876
d,u,4660,0.06107444096244407
u,a,4809,0.06302725034085697
=,d,1059,0.013879363300263577
e,t,20174,0.2644025261751817
t,",",1032,0.013525498513571304
v,a,4726,0.06193944377435851
l,u,4144,0.054311691705658416
u,e,5310,0.06959340804948026
=,",",1071,0.014036636538793475
r,e,29305,0.3840743545932239
h,e,6700,0.08781089151252688
i,s,10127,0.13272550721602383
m,",",2051,0.026880617685401884
l,t,1274,0.01669717549059093
e,f,65301,0.8558416457700773
f,",",234,0.0030668281513330283
=,s,1240,0.016251567981422885
s,a,6727,0.08816475629921915
a,v,624,0.008178208403554743
v,f,270,0.003538647866922725
i,c,11010,0.14429819635118224
=,r,508,0.006657900431099053
e,c,9614,0.12600207626887067
=,q,132,0.0017300056238288878
q,q,1117,0.014639517286491422
q,",",778,0.010196548298021777
],],2597,0.03403655003851228
e,",",2478,0.03247692375642412
t,s,8576,0.11239794113603441
=,{,1761,0.023079847754262663
{,},2306,0.030222674004162238
},],1229,0.01610740084610381
t,a,9957,0.1304974696701836
[,s,1138,0.014914745453918745
t,c,997,0.013066784901192433
=,n,1272,0.016670963284169282
n,u,1667,0.02184787405244512
l,l,8079,0.10588420784025443
l,",",444,0.005819109825606259
j,o,6563,0.08601535537264386
b,n,2533,0.03319775943301949
n,",",537,0.0070379774242129755
=,&,786,0.010301397123708377
&,j,262,0.0034337990412361256
[,c,3169,0.04153324107510413
t,=,3635,0.047640685171348535
=,/,2910,0.03813876034350048
/,/,32148,0.4213350060215991
/,*,31538,0.4133402830629959
*, ,26384,0.34579142711440436
 , ,1085284,14.223844117056899
 ,j,1953,0.025596219570741045
n,=,444,0.005819109825606259
",",d,413,0.005412820626070687
f,=,149,0.0019528093784129113
&,d,656,0.00859760370630114
t,],153,0.0020052337912562107
*,*,680690,8.921193394576406
*,],1242,0.016277780187844534
 ,e,6866,0.08998650464552381
e,x,12760,0.16723387697012582
x,e,6780,0.08885937976939287
p,n,1077,0.014115273158058425
=,a,952,0.012477010256705312
r,c,10841,0.14208326490855283
c,h,12820,0.1680202431627753
h,i,4027,0.052778277629991904
i,v,1467,0.01922665341028014
v,s,1090,0.01428565249979915
s,0,1908,0.025006444926253923
0,",",3014,0.03950179507742627
p,g,4403,0.05770617243726207
g,m,4351,0.05702465507029917
=,g,132,0.0017300056238288878
g,r,1366,0.017902936985986825
l,3,321,0.004207059130674796
3,0,2856,0.03743103077011593
0,0,5944,0.07790267748514325
r,m,2074,0.027182058059250856
&,f,400,0.005242441284329963
t,*,133,0.0017431117270397126
*,",",162,0.002123188720153635
=,t,503,0.0065923699150449286
t,r,7527,0.09864963886787907
r,u,2691,0.03526852374032983
 ,r,13596,0.17819057925437545
s,o,28276,0.3705881743892851
u,r,12946,0.16967161216733925
c,e,3553,0.04656598470806089
=,6,353,0.0046264544334211925
6,",",1007,0.013197845933300681
 ,],1022,0.013394437481463056
=,i,729,0.009554349240691358
i,k,504,0.0066054760182557536
k,j,800,0.010484882568659926
j,e,1203,0.015766642162622364
f,t,1284,0.016828236522699182
t,0,625,0.008191314506765567
0,1,4276,0.05604169732948731
=,v,524,0.006867598082472251
[,e,532,0.00697244690815885
s,s,3604,0.04723439597181297
n,s,2197,0.028794108754182323
[,j,580,0.007601539862278447
=,%,263,0.0034469051444469506
%,g,262,0.0034337990412361256
c,r,1531,0.020065444015772933
r,3,340,0.004456075091680468
 ,&,669,0.008767983048041862
&,r,263,0.0034469051444469506
&,q,131,0.0017168995206180628
q, ,174,0.0022804619586835337
},",",557,0.007300099488429473
=,1,620,0.008125783990711443
1,3,1158,0.015176867518135243
3,",",1561,0.020458627112097682
s,2,352,0.0046133483302103675
2,",",1775,0.02326333319921421
a,d,1987,0.02604182707990909
d,r,376,0.004927894807270165
s,u,5941,0.07786335917551078
u,",",132,0.0017300056238288878
=,c,734,0.009619879756745482
d,",",1160,0.015203079724556893
=,0,425,0.0055700938646005855
n,e,26902,0.35258038857761165
=,4,490,0.006421990573304204
4,",",2051,0.026880617685401884
s,3,564,0.007391842210905247
3,1,700,0.009174272247577435
&,s,134,0.0017562178302505376
c,.,3219,0.04218854623564538
1,.,3843,0.050366754639200116
.,d,38455,0.5039951989722719
d,&,2113,0.02769319608447303
t,.,4401,0.05767996023084042
.,.,4401,0.05767996023084042
.,c,911,0.01193966002506149
c,&,131,0.0017168995206180628
],"
",757,0.009921320130594454
t,d,3752,0.04917409924701505
d,b,4533,0.0594099658546693
b,j,3308,0.04335498942140879
b,(,3758,0.049252735866280005
(,),41107,0.5387525846873794
),:,21639,0.28360296737904017
"
", ,76907,1.0079510796349112
t,u,10876,0.1425419785209317
r,n,9444,0.12377403872303043
 ,"
",31880,0.41782257036109804
p,f,3790,0.0496721311690264
n,(,12257,0.1606415070550809
a,i,6912,0.09058938539322176
p,.,28572,0.37446758093968924
.,b,2430,0.03184783080230452
f,o,4038,0.05292244476531097
u,n,2986,0.039134824187523176
(,"""",34324,0.4498538866083541
"""",",",47640,0.6243747569636986
"""",g,339,0.004442968988469643
 ,f,33424,0.4380583937186117
c,"""",791,0.010366927639762501
 ,4,2257,0.029580474946831817
4,),1868,0.024482200797820926
.,s,15264,0.2000515594100314
.,e,31319,0.41047004645982527
c,f,2066,0.02707720923356426
.,r,5140,0.06736537050364003
.,g,4890,0.0640888447009338
t,_,10643,0.1394882564728095
_,m,4055,0.053145248519895
a,x,2197,0.028794108754182323
x,c,2704,0.03543890308207055
c,(,5239,0.06866287472151168
_, ,1981,0.02596319046064414
=,=,60992,0.7993674470346327
"""",_,1991,0.02609425149275239
n,_,2375,0.031126995125709156
_,"""",3796,0.04975076778829135
"""",:,2069,0.027116527543196732
s,.,12395,0.16245014929817472
x,i,3982,0.05218850298550478
t,(,7844,0.10280427358571058
(,m,2134,0.027968424251900353
),),2500,0.03276525802706227
p,s,39821,0.5218981359582586
s,5,42,0.0005504563348546461
5,3,219,0.002870236603170655
3,4,310,0.004062891995355721
4,"""",332,0.004351226265993869
f,b,528,0.006920022495315551
b,r,705,0.009239802763631559
r,1,284,0.0037221333118742737
1,4,718,0.009410182105372283
4,(,317,0.0041546347178314956
"""",e,928,0.012162463779645513
p,l,1419,0.018597560456160542
o,i,814,0.010668368013611474
t,"""",9550,0.12516328566337787
.,i,1056,0.013840044990631102
s,",",3639,0.04769310958419184
l,e,57435,0.7527490379137286
 ,/,2547,0.03338124487797104
*,i,157,0.0020576582040995103
l,a,2524,0.03307980450412207
c,=,1185,0.015530732304827516
4, ,454,0.005950170857714508
0,5,1050,0.013761408371366152
5,;,135,0.0017693239334613624
;, ,137,0.0017955361398830122
e,u,3592,0.047077122733283065
p,j,13302,0.1743373849103929
j,h,339,0.004442968988469643
h,5,35,0.00045871361237887176
5,0,3061,0.04011778192833504
0,"""",4516,0.05918716210008528
"
",o,2033,0.026644707827607035
o,y,18233,0.23896357984297054
y,m,17656,0.23140135829032457
m,d,17344,0.2273122540885472
d,1,17533,0.2297893075953931
1, ,2618,0.03431177820593961
_,d,5929,0.07770608593698088
e,(,26880,0.3522920543069735
"""",o,9289,0.12174259272535257
o,d,3803,0.04984251051076712
m,y,2397,0.0314153293963473
y,1,2381,0.031205631744974104
o,(,3106,0.040707556572822164
#,/,26492,0.34720688626117346
e,.,24857,0.32577840751147474
"""",s,28901,0.3787794888960506
t,2,1751,0.02294878672215441
2,"""",2106,0.027601453361997253
s,p,20329,0.2664339721728595
p,1,23603,0.3093433540851003
j,$,1027,0.01345996799751718
$,$,3787,0.04963281285939392
$,j,1893,0.02480985337809155
j,.,1993,0.02612046369917404
.,&,1966,0.02576659891248177
&,o,2116,0.027732514394105505
o,j,2223,0.029134867437663768
&,v,1754,0.022988105031786887
v,9,1754,0.022988105031786887
9,0,3186,0.04175604482968816
"""",n,3219,0.04218854623564538
e,w,3487,0.04570098189614645
w,"""",3585,0.04698538001080729
o, ,1664,0.021808555742812645
/, ,449,0.005884640341660383
e,a,1733,0.022712876864359563
 ,a,4985,0.06533392450596216
"""",t,9340,0.12241100398910464
a,b,4061,0.053223885139159946
b,f,2565,0.03361715473576589
h,"""",1605,0.021035295653373975
"""",x,1977,0.02591076604780084
.,p,4179,0.054770405318037285
p,d,2492,0.03266040920137567
0,x,1526,0.01999991349971881
x,x,3295,0.04318461007966807
.,t,4406,0.05774549074689454
h,(,5007,0.06562225877660031
(,a,1647,0.02158575198822862
a,),3539,0.04638249926310935
),"""",4413,0.057837233469370315
s,h,11095,0.14541221512410235
h,r,10795,0.14148038416085487
r,"""",14879,0.1950057096738638
n,"""",12867,0.16863623001368408
p,2,2654,0.034783597921529304
0,(,11213,0.14695873530297968
"""",c,1029,0.01348618020393883
c,m,627,0.008217526713187217
m,c,730,0.009567455343902182
c,v,640,0.008387906054927941
v,i,6306,0.08264708684746186
e,"""",1706,0.02235901207766729
h,3,63,0.0008256845022819692
0,j,4930,0.0646130888293668
j,r,7902,0.10356442757193841
r,.,9793,0.12834806874360832
.,f,9708,0.1272340499706882
f,s,10872,0.1424895541080884
d,"""",22374,0.2932359532389965
"""", ,18484,0.2422532117488876
 ,+,15414,0.2020174748916551
+, ,15373,0.2014801246600113
p,3,1926,0.025242354784048772
"""",f,10165,0.1332235391380352
f,e,3074,0.04028816127007576
e,e,4403,0.05770617243726207
p,t,1985,0.02601561487348744
s,c,2545,0.03335503267154939
c,t,2939,0.0385188373366144
.,v,381,0.004993425323324289
s,x,1274,0.01669717549059093
f,m,325,0.004259483543518095
m,"""",979,0.012830875043397584
t,1,1084,0.0142070158805342
o,l,8889,0.1165001514410226
n,o,6520,0.0854517929345784
o,"""",1517,0.019881958570821385
j,k,2376,0.03114010122891998
k,.,2418,0.031690557563774625
o,.,1033,0.01353860461678213
c,_,3316,0.04345983824709539
_,p,3240,0.0424637744030727
m,(,3047,0.039934296483383494
"""",b,2828,0.03706405988021284
s,m,1312,0.01719520741260228
1,),1223,0.01602876422683886
r,i,7316,0.09588425109039503
p,4,1901,0.024914702203778148
4,0,2579,0.033800640180717434
s,l,1499,0.019646048713026536
g,"""",1690,0.022149314426294094
g,.,800,0.010484882568659926
.,a,3113,0.040799299295297936
t,3,162,0.002123188720153635
3,"""",620,0.008125783990711443
"""","""",2602,0.03410208055456641
a,p,1426,0.01868930317863632
p,p,1151,0.015085124795659469
a,j,1243,0.01629088629105536
j, ,319,0.004180846924253146
b,2,911,0.01193966002506149
2, ,758,0.00993442623380528
p,6,875,0.011467840309471794
6,0,2191,0.02871547213491737
j,"""",300,0.003931830963247472
"""",r,3074,0.04028816127007576
d,c,483,0.00633024785082843
c,-,13,0.0001703793417407238
-,s,27,0.0003538647866922725
d,i,5465,0.07162485404715811
n,n,704,0.009226696660420735
_,s,3683,0.048269778125468135
), ,3344,0.04382680913699849
 ,!,390,0.005111380252221714
!,=,432,0.00566183658707636
4,:,399,0.005229335181119138
p,k,3144,0.04120558849483351
k,7,433,0.005674942690287185
7,z,107,0.0014023530435582651
z,2,97,0.001271292011450016
.,h,2294,0.030065400765632338
h, ,822,0.010773216839298074
*,-,6004,0.07868904367779274
-,-,381595,5.00122345473473
-, ,6720,0.08807301357674338
k,$,343,0.004495393401312943
i,a,1285,0.016841342625910007
o,1,698,0.009148060041155785
1,a,146,0.0019134910687804364
a,(,242,0.0031716769770196275
7,d,37,0.00048492581880052156
d,0,216,0.00283091829353818
h,",",5600,0.07339417798061948
7,e,93,0.0012188675986067163
e,0,518,0.006788961463207302
l,c,300,0.003931830963247472
7,g,71,0.0009305333279685684
g,0,271,0.00355175397013355
7,h,33,0.00043250140595722195
h,0,224,0.002935767119224779
s,d,786,0.010301397123708377
d,l,143,0.0018741727591479618
l,.,566,0.007418054417326897
7,l,24,0.0003145464770597978
l,0,491,0.006435096676515029
n,2,409,0.005360396213227387
2,.,1311,0.017182101309391455
7,f,20,0.00026212206421649816
f,0,535,0.0070117652177913254
2,w,110,0.0014416713531907397
w,.,3490,0.045740300205778926
o,7,450,0.005897746444871208
z,e,774,0.010144123885178479
"""",(,2229,0.02921350405692872
(,1,1608,0.02107461396300645
",",2,2045,0.026801981066136935
",",a,6068,0.07952783428328554
a,",",3821,0.05007842036856197
2,2,526,0.006893810288893901
",",5,917,0.01201829664432644
2,1,577,0.007562221552645972
",",1,3483,0.045648557483303154
1,(,2074,0.027182058059250856
x,a,238,0.003119252564176328
2,j,436,0.00571426099991966
.,l,441,0.005779791515973784
o,6,44,0.0005766685412762959
6,(,360,0.004718197155896967
6,.,152,0.001992127688045386
(,n,852,0.011166399935622821
l,),816,0.010694580220033124
u, ,1677,0.02197893508455337
u,i,194,0.002542584022900032
a, ,1680,0.022018253394185845
o,s,8014,0.1050323111315508
6,"""",334,0.004377438472415519
o,5,493,0.006461308882936679
5,(,1768,0.023171590476738436
5,.,690,0.009043211215469187
j,s,450,0.005897746444871208
s,n,759,0.009947532337016105
n,5,109,0.001428565249979915
5,),86,0.001127124876130942
5,"""",735,0.009632985859956308
"""",%,221,0.0028964488095923045
%,t,207,0.0027129633646407556
v,p,250,0.0032765258027062268
7,(,460,0.006028807476979457
7,.,308,0.004036679788934071
n,7,61,0.0007994722958603194
7,),59,0.0007732600894386696
f,w,1071,0.014036636538793475
w,e,179,0.0023459924747376583
2,e,209,0.0027391755710624056
7,"""",305,0.003997361479301596
i, ,1686,0.022096890013450794
o,x,70,0.0009174272247577435
x,(,93,0.0012188675986067163
n,x,553,0.007247675075586174
x,.,368,0.004823045981583566
f,5,40,0.0005242441284329963
5,j,714,0.009357757692528983
7,k,24,0.0003145464770597978
k,0,96,0.001258185908239191
k,5,30,0.00039318309632474724
n,1,345,0.004521605607734593
*,%,451,0.005910852548082033
%,o,484,0.006343353954039255
p,c,756,0.00990821402738363
c, ,2631,0.03448215754768033
t,v,1668,0.021860980155655945
a,q,284,0.0037221333118742737
q,m,306,0.004010467582512421
m,0,607,0.007955404648970718
1,=,295,0.0038663004471933475
=,(,1539,0.020170292841459533
(,o,4001,0.052437518946510456
y,y,1072,0.014049742642004301
y,d,541,0.007090401837056275
d,d,2620,0.034337990412361255
d,-,288,0.0037745577247175733
-,0,287,0.0037614516215067483
1,w,443,0.005806003722395434
w,d,430,0.0056356243806547105
d,),740,0.009698516376010432
 ,x,629,0.008243738919608867
w,1,938,0.012293524811753763
z,x,935,0.012254206502121289
x,w,707,0.00926601497005321
s,"""",2122,0.027811151013370453
.,x,708,0.009279121073264035
k,r,85,0.001114018772920117
r,0,227,0.002975085428857254
0,3,599,0.00785055582328412
"
",t,42,0.0005504563348546461
r,p,418,0.005478351142124811
"""",d,1269,0.016631644974536806
p,x,1724,0.02259492193546214
x,5,38,0.0004980319220113465
3,5,609,0.007981616855392368
5,p,43,0.000563562438065471
8,(,238,0.003119252564176328
f,"""",364,0.004770621568740266
f,.,1634,0.0214153726464879
3,e,57,0.0007470478830170197
s,8,266,0.003486223454079425
8,2,350,0.0045871361237887175
2,r,124,0.0016251567981422886
-,*,1458,0.019108698481382715
a,z,105,0.0013761408371366153
z, ,28,0.0003669708899030974
z,f,15,0.00019659154816237362
c,p,893,0.011703750167266642
p,(,227,0.002975085428857254
v,o,526,0.006893810288893901
 ,n,3193,0.04184778755216393
e,:,439,0.005753579309552134
j,8,1382,0.01811263463736002
8,z,95,0.0012450798050283663
p,8,671,0.008794195254463512
8,0,1531,0.020065444015772933
8,4,270,0.003538647866922725
1,5,1954,0.02560932567395187
5,6,260,0.003407586834814476
",",4,1239,0.01623846187821206
1,6,957,0.012542540772759436
6,1,259,0.003394480731603651
1,9,545,0.007142826249899575
9,",",1581,0.02072074917631418
",",7,523,0.006854491979261426
7,",",1046,0.013708983958522852
1,7,706,0.009252908866842385
2,(,1186,0.01554383840803834
a,.,717,0.00939707600216146
8,5,410,0.005373502316438212
c,2,333,0.004364332369204694
e,j,426,0.0055831999678114105
5,b,70,0.0009174272247577435
p,9,627,0.008217526713187217
8,7,185,0.002424629094002608
7,5,501,0.0065661577086232785
5,5,427,0.0055963060710222355
9,2,93,0.0012188675986067163
2,a,148,0.0019397032752020862
9,5,196,0.002568796229321682
9,6,287,0.0037614516215067483
2,b,123,0.0016120506949314636
b,.,770,0.010091699472335179
9,7,329,0.004311907956361395
1,j,759,0.009947532337016105
 ,*,1588,0.02081249189878995
b, ,785,0.010288291020497553
8,6,158,0.0020707643073103353
0, ,535,0.0070117652177913254
3,a,111,0.0014547774564015647
0,6,466,0.006107444096244407
3,b,7,9.174272247577435e-05
0,7,728,0.009541243137480532
7,0,1566,0.020524157628151806
1,2,1048,0.013735196164944502
t,5,276,0.0036172844861876744
5,a,57,0.0007470478830170197
2,5,812,0.010642155807189824
5,c,61,0.0007994722958603194
4,4,255,0.0033420563187603514
s,v,1083,0.014193909777323375
8,8,347,0.004547817814156242
s,j,178,0.0023328863715268333
8,"""",256,0.0033551624219711764
k,1,300,0.003931830963247472
1,b,73,0.0009567455343902182
b,5,26,0.0003407586834814476
o,a,522,0.006841385876050602
a,5,49,0.0006421990573304204
m,.,670,0.008781089151252688
8,e,87,0.0011402309793417669
x,d,191,0.002503265713267557
"""",2,144,0.0018872788623587866
5,9,219,0.002870236603170655
0,n,18,0.00023590985779484833
5,w,144,0.0018872788623587866
., ,589,0.007719494791175871
i,g,695,0.00910874173152331
u,0,251,0.0032896319059170518
0,l,49,0.0006421990573304204
l,1,195,0.002555690126110857
p,0,1278,0.01674959990343423
c,0,1151,0.015085124795659469
p,i,348,0.0045609239173670674
i,.,436,0.00571426099991966
c,s,1500,0.01965915481623736
1,f,326,0.00427258964672892
.,m,1135,0.01487542714428627
(,t,378,0.004954107013691815
i,),153,0.0020052337912562107
(,s,1719,0.022529391419408015
s,f,1142,0.014967169866762045
f,u,354,0.0046395605366320175
*,=,2652,0.034757385715107655
=,*,2541,0.03330260825870609
s,b,738,0.009672304169588782
t,b,637,0.008348587745295465
i,r,8617,0.11293529136767823
"""",l,116,0.0015203079724556891
i,"""",493,0.006461308882936679
p,5,1177,0.015425883479140916
t,j,377,0.00494100091048099
t,f,1062,0.01391868160989605
f,v,34,0.00044560750916804685
v,c,84,0.0011009126697092923
c,b,573,0.0075097971398026715
d,.,560,0.007339417798061948
r,f,526,0.006893810288893901
a,c,2536,0.033237077742651965
r,g,2378,0.03116631343534163
t,l,2677,0.035085038295378276
0,8,319,0.004180846924253146
l,"""",3889,0.05096963538689806
1,1,1401,0.018361650598365694
"""",i,1233,0.01615982525894711
g,d,529,0.006933128598526376
1,t,135,0.0017693239334613624
v,l,1229,0.01610740084610381
e,1,146,0.0019134910687804364
0,t,74,0.0009698516376010431
e,2,297,0.0038925126536149975
o,o,918,0.012031402747537265
l,m,434,0.00568804879349801
s,g,1479,0.019383926648810036
d,f,763,0.009999956749859405
1,c,230,0.0030144037384897287
c,n,2461,0.032254120001840095
0,c,201,0.0026343267453758064
l,',254,0.0033289502155495264
',e,378,0.004954107013691815
x,t,823,0.010786322942508898
f,c,1181,0.015478307891984216
e,g,824,0.010799429045719724
",",9,1287,0.016867554832331655
2,9,166,0.0021756131329969345
5,",",1681,0.02203135949739667
4,2,383,0.005019637529745939
x,"""",698,0.009148060041155785
b,"""",488,0.006395778366882555
4,1,325,0.004259483543518095
e,3,53,0.0006946234701737201
x,l,231,0.0030275098417005537
e,v,567,0.007431160520537722
m,v,229,0.0030012976352789037
x,m,248,0.003250313596284577
5,e,106,0.0013892469403474401
e,i,527,0.006906916392104726
",",v,10,0.00013106103210824908
b,o,387,0.005072061942589239
a,u,593,0.00777191920401917
u,x,205,0.002686751158219106
x, ,313,0.004102210304988196
d,',406,0.005321077903594912
',u,92,0.0012057614953958915
a,y,69,0.0009043211215469186
y,a,181,0.0023722046811593084
m,o,2190,0.028702366031706547
v,2,48,0.0006290929541195955
",",c,4521,0.059252692616139406
",",3,930,0.012188675986067163
c,1,360,0.004718197155896967
c,3,161,0.00211008261694281
0,4,482,0.006317141747617605
2,4,744,0.00975094078885373
l,g,263,0.0034469051444469506
g,1,223,0.0029226610160139545
t,{,32,0.00041939530274639705
{,s,65,0.000851896708703619
k,2,58,0.0007601539862278446
n,j,94,0.0012319737018175413
n,.,278,0.003643496692609324
8,m,4,5.242441284329963e-05
o,h,85,0.001114018772920117
h,h,265,0.0034731173508686006
h,m,276,0.0036172844861876744
g,a,115,0.0015072018692448644
8,r,22,0.00028833427063814797
j,7,730,0.009567455343902182
7,o,32,0.00041939530274639705
o,0,38,0.0004980319220113465
l,7,66,0.0008650028119144439
i,x,168,0.0022018253394185845
j,u,65,0.000851896708703619
u,p,346,0.004534711710945418
a,2,157,0.0020576582040995103
p,h,1060,0.013892469403474402
h,$,112,0.0014678835596123895
.,u,318,0.004167740821042321
n,l,242,0.0031716769770196275
r,{,45,0.0005897746444871208
{,a,27,0.0003538647866922725
i,b,207,0.0027129633646407556
t,#,231,0.0030275098417005537
#,2,48,0.0006290929541195955
2,6,278,0.003643496692609324
n,c,1844,0.02416765432076113
h,.,2235,0.029292140676193668
4,.,243,0.0031847830802304525
a,o,219,0.002870236603170655
b,b,619,0.008112677887500617
j,b,416,0.005452138935703161
r,7,16,0.00020969765137319852
e,q,2795,0.036631558474255616
q,o,214,0.0028047060871165303
l,(,1616,0.02117946278869305
"""",p,215,0.0028178121903273553
j,f,403,0.005281759593962438
f,7,63,0.0008256845022819692
 , ,2668,0.034967083366480856
 ,"
",2552,0.033446775394025165
m,3,108,0.00141545914676909
3,3,316,0.0041415286146206706
g,n,409,0.005360396213227387
r,r,1991,0.02609425149275239
m,u,686,0.008990786802625887
u,"""",102,0.0013368225275041405
r,ã,22,0.00028833427063814797
ã,´,8,0.00010484882568659926
´,l,8,0.00010484882568659926
p,"""",527,0.006906916392104726
b,z,89,0.0011664431857634167
z,i,56,0.0007339417798061948
#,e,99,0.001297504217871666
e,o,705,0.009239802763631559
9,9,500,0.0065530516054124535
9,(,310,0.004062891995355721
7,m,52,0.0006815173669628952
"
",c,109,0.001428565249979915
u,v,136,0.0017824300366721874
v,n,84,0.0011009126697092923
p,7,676,0.008859725770517638
i,p,294,0.003853194343982523
g,t,906,0.011874129509007366
s,),236,0.0030930403577546783
v,t,152,0.001992127688045386
t,-,40,0.0005242441284329963
-,>,176,0.0023066741651051837
>,p,2,2.6212206421649816e-05
7,r,17,0.00022280375458402343
c,i,695,0.00910874173152331
i,2,449,0.005884640341660383
m,i,525,0.006880704185683076
b,l,1278,0.01674959990343423
g,u,378,0.004954107013691815
j,3,458,0.006002595270557807
"
",/,4,5.242441284329963e-05
o,2,164,0.002149400926575285
"""",m,234,0.0030668281513330283
j,0,279,0.003656602795820149
i,3,55,0.0007208356765953699
3,2,336,0.004403650678837169
(,3,219,0.002870236603170655
(,2,391,0.005124486355432539
",",8,576,0.0075491154494351466
8,",",1159,0.015189973621346067
",",6,466,0.006107444096244407
6,6,109,0.001428565249979915
b,t,162,0.002123188720153635
"""",y,230,0.0030144037384897287
l,q,10,0.00013106103210824908
q,j,43,0.000563562438065471
j,y,119,0.001559626282088164
v,"""",242,0.0031716769770196275
 ,u,945,0.012385267534229537
s,{,22,0.00028833427063814797
{,q,4,5.242441284329963e-05
v,b,86,0.001127124876130942
6,c,83,0.0010878065664984672
6,i,3,3.931830963247472e-05
5, ,189,0.0024770535068459076
6, ,92,0.0012057614953958915
5,d,13,0.0001703793417407238
d,(,341,0.004469181194891293
6,a,67,0.0008781089151252688
6,b,29,0.0003800769931139223
u,b,404,0.005294865697173263
6,d,15,0.00019659154816237362
2,7,228,0.0029881915320680787
d,p,300,0.003931830963247472
u,m,716,0.009383969898950633
{, ,39,0.0005111380252221714
b,s,266,0.003486223454079425
f,(,60,0.0007863661926494945
g,(,274,0.0035910722797660244
2,8,212,0.0027784938806948802
8,a,130,0.001703793417407238
8,b,106,0.0013892469403474401
8,c,85,0.001114018772920117
8,d,121,0.0015858384885098138
 ,-,2955,0.0387285349879876
-,1,220,0.0028833427063814795
',a,149,0.0019528093784129113
3, ,148,0.0019397032752020862
j,t,899,0.011782386786531592
t,@,18,0.00023590985779484833
@,5,14,0.0001834854449515487
#,r,31,0.00040628919953557215
[,t,30,0.00039318309632474724
t,y,650,0.00851896708703619
y,p,447,0.005858428135238734
p,b,518,0.006788961463207302
b,0,1007,0.013197845933300681
b,y,271,0.00355175397013355
y, ,887,0.011625113548001692
e,-,308,0.004036679788934071
-,g,238,0.003119252564176328
/,w,227,0.002975085428857254
w,s,251,0.0032896319059170518
 ,(,1063,0.013931787713106877
(,',647,0.008479648777403715
',v,239,0.003132358667387153
v,6,236,0.0030930403577546783
6,r,249,0.0032634196994954017
r,2,380,0.004980319220113465
2,m,237,0.003106146460965503
m,1,471,0.006172974612298532
b,1,679,0.008899044080150112
0,9,744,0.00975094078885373
1,',284,0.0037221333118742737
',),987,0.012935723869084183
),],485,0.00635646005725008
n,],229,0.0030012976352789037
 ,2,383,0.005019637529745939
7,/,225,0.002948873222435604
1,/,223,0.0029226610160139545
9,:,444,0.005819109825606259
:,3,228,0.0029881915320680787
3,9,385,0.005045849736167589
:,4,228,0.0029881915320680787
4,5,599,0.00785055582328412
5,],220,0.0028833427063814795
',p,311,0.004075998098566546
u,c,670,0.008781089151252688
a,',240,0.003145464770597978
-,],448,0.005871534238449558
s,],251,0.0032896319059170518
e,b,407,0.005334184006805737
b,c,881,0.011546476928736744
y,",",307,0.004023573685723246
x,",",254,0.0033289502155495264
d,y,265,0.0034731173508686006
y,n,319,0.004180846924253146
m,n,293,0.003840088240771698
n,b,479,0.006277823437985131
r,",",714,0.009357757692528983
l,],221,0.0028964488095923045
3,(,302,0.003958043169669122
c,5,109,0.001428565249979915
-,p,57,0.0007470478830170197
2,v,50,0.0006553051605412454
1,@,23,0.00030144037384897287
@,2,15,0.00019659154816237362
',o,80,0.0010484882568659926
4,6,185,0.002424629094002608
j,m,457,0.005989489167346982
l,b,516,0.006762749256785652
f,#,167,0.0021887192362077595
#,4,34,0.00044560750916804685
e,),763,0.009999956749859405
j,d,2672,0.03501950777932415
d,5,679,0.008899044080150112
5,h,35,0.00045871361237887176
h,j,76,0.000996063844022693
3,f,106,0.0013892469403474401
n,r,328,0.00429880185315057
h,w,16,0.00020969765137319852
3,p,64,0.0008387906054927941
3,r,27,0.0003538647866922725
i,q,415,0.005439032832492336
9,8,247,0.003237207493073752
v,r,310,0.004062891995355721
3,v,39,0.0005111380252221714
3,g,53,0.0006946234701737201
f,f,212,0.0027784938806948802
(,8,165,0.00216250702978611
8,3,220,0.0028833427063814795
5,8,89,0.0011664431857634167
5,2,132,0.0017300056238288878
f,l,449,0.005884640341660383
l,x,32,0.00041939530274639705
r,l,313,0.004102210304988196
l,v,108,0.00141545914676909
v,.,165,0.00216250702978611
j,l,55,0.0007208356765953699
j,p,146,0.0019134910687804364
t,x,191,0.002503265713267557
k,t,63,0.0008256845022819692
j,#,9,0.00011795492889742416
#,1,216,0.00283091829353818
q,l,268,0.0035124356605010752
0,w,1193,0.015635581130514116
1,o,42,0.0005504563348546461
n,i,311,0.004075998098566546
 ,<,35,0.00045871361237887176
<, ,32,0.00041939530274639705
 ,3,123,0.0016120506949314636
t,g,150,0.001965915481623736
0,),165,0.00216250702978611
),",",593,0.00777191920401917
(,r,293,0.003840088240771698
g,s,397,0.005203122974697488
"""",u,207,0.0027129633646407556
t,p,336,0.004403650678837169
 ,w,397,0.005203122974697488
w, ,138,0.0018086422430938372
0,:,54,0.000707729573384545
x,j,284,0.0037221333118742737
j,a,1290,0.01690687314196413
x,$,157,0.0020576582040995103
m,j,138,0.0018086422430938372
(,4,111,0.0014547774564015647
",",z,108,0.00141545914676909
z,d,109,0.001428565249979915
h,f,124,0.0016251567981422886
f,4,175,0.0022935680618943587
k,n,109,0.001428565249979915
n,0,52,0.0006815173669628952
0,p,127,0.0016644751077747632
4,7,188,0.0024639474036350826
4,8,272,0.003564860073344375
d,2,203,0.002660538951797456
x,k,16,0.00020969765137319852
k,c,35,0.00045871361237887176
b,u,481,0.00630403564440678
q,a,42,0.0005504563348546461
 ,8,76,0.000996063844022693
8,),66,0.0008650028119144439
j,i,87,0.0011402309793417669
"""",&,144,0.0018872788623587866
f,n,239,0.003132358667387153
&,i,16,0.00020969765137319852
d,t,94,0.0012319737018175413
u,.,115,0.0015072018692448644
&,c,82,0.0010747004632876425
c,y,226,0.002961979325646429
y,e,269,0.0035255417637119002
r,&,80,0.0010484882568659926
&,>,79,0.0010353821536551676
>,s,79,0.0010353821536551676
q,"""",122,0.0015989445917206388
a,f,385,0.005045849736167589
.,"""",126,0.0016513690045639384
x,s,152,0.001992127688045386
k,f,86,0.001127124876130942
f,@,4,5.242441284329963e-05
f,1,117,0.0015334140756665142
r,v,177,0.0023197802683160088
e,4,168,0.0022018253394185845
4,j,155,0.0020314459976778607
j,g,546,0.0071559323531104
t,4,55,0.0007208356765953699
u,8,116,0.0015203079724556891
u,$,64,0.0008387906054927941
i,u,9,0.00011795492889742416
f,p,112,0.0014678835596123895
p,w,218,0.00285713049995983
"""",0,212,0.0027784938806948802
1,e,277,0.0036303905893984995
_,a,107,0.0014023530435582651
5,1,292,0.003826982137560873
h,q,63,0.0008256845022819692
q,.,58,0.0007601539862278446
q,s,11,0.00014416713531907398
p,m,1349,0.0176801332314028
m,q,58,0.0007601539862278446
q,t,22,0.00028833427063814797
x,1,47,0.0006159868509087706
1,p,59,0.0007732600894386696
b,p,131,0.0017168995206180628
1,m,44,0.0005766685412762959
m,w,27,0.0003538647866922725
3,t,34,0.00044560750916804685
(,9,207,0.0027129633646407556
d,4,174,0.0022804619586835337
4,e,21,0.00027522816742732307
m,#,150,0.001965915481623736
7,j,91,0.0011926553921850665
i,1,306,0.004010467582512421
i,0,219,0.002870236603170655
1,v,237,0.003106146460965503
l,f,2637,0.03456079416694528
j,v,143,0.0018741727591479618
v,1,65,0.000851896708703619
b,d,142,0.0018610666559371368
a,a,153,0.0020052337912562107
m,t,212,0.0027784938806948802
2,c,328,0.00429880185315057
2,t,195,0.002555690126110857
p,v,176,0.0023066741651051837
c,d,138,0.0018086422430938372
d,v,64,0.0008387906054927941
",",b,312,0.004089104201777371
i,",",363,0.004757515465529442
9,1,105,0.0013761408371366153
4,9,104,0.0013630347339257903
(,7,20,0.00026212206421649816
j,z,130,0.001703793417407238
l,2,194,0.002542584022900032
j,2,354,0.0046395605366320175
2,d,32,0.00041939530274639705
t,$,20,0.00026212206421649816
"""",1,123,0.0016120506949314636
q,i,6,7.863661926494944e-05
 ,â,13,0.0001703793417407238
â,«,14,0.0001834854449515487
«, ,14,0.0001834854449515487
g,{,12,0.0001572732385298989
{,n,53,0.0006946234701737201
n,{,43,0.000563562438065471
{,r,51,0.0006684112637520703
t,k,110,0.0014416713531907397
k,a,78,0.0010222760504443428
",",t,50,0.0006553051605412454
",",0,114,0.0014940957660340393
"""",8,98,0.001284398114660841
{,e,29,0.0003800769931139223
{,p,38,0.0004980319220113465
4,3,169,0.0022149314426294095
6,3,142,0.0018610666559371368
"""",v,119,0.001559626282088164
y,.,169,0.0022149314426294095
7,8,324,0.00424637744030727
y,"""",71,0.0009305333279685684
g,p,48,0.0006290929541195955
s,k,107,0.0014023530435582651
 ,q,204,0.002673645055008281
q,c,19,0.00024901596100567326
 ,@,104,0.0013630347339257903
@, ,43,0.000563562438065471
d,{,23,0.00030144037384897287
{,m,15,0.00019659154816237362
6,5,257,0.003368268525182001
_,i,256,0.0033551624219711764
m,$,152,0.001992127688045386
a,1,183,0.002398416887580958
t,t,356,0.004665772743053667
f,d,194,0.002542584022900032
k,q,11,0.00014416713531907398
q,0,66,0.0008650028119144439
v,3,33,0.00043250140595722195
u,d,363,0.004757515465529442
u,',19,0.00024901596100567326
',i,127,0.0016644751077747632
 ,y,44,0.0005766685412762959
.,j,235,0.0030799342545438533
c,4,94,0.0012319737018175413
/,5,6,7.863661926494944e-05
=,>,2109,0.02764077167162973
>, ,2300,0.030144037384897286
y,-,25,0.0003276525802706227
o,q,26,0.0003407586834814476
c,z,115,0.0015072018692448644
.,y,126,0.0016513690045639384
y,5,275,0.0036041783829768494
5,4,118,0.0015465201788773392
y,6,43,0.000563562438065471
9,3,118,0.0015465201788773392
c,6,41,0.0005373502316438212
6,2,141,0.0018479605527263118
y,2,434,0.00568804879349801
l,y,128,0.0016775812109855882
n,y,76,0.000996063844022693
c,7,25,0.0003276525802706227
z,b,29,0.0003800769931139223
b,w,57,0.0007470478830170197
i,5,30,0.00039318309632474724
s,z,44,0.0005766685412762959
z,1,32,0.00041939530274639705
5,7,152,0.001992127688045386
7,b,117,0.0015334140756665142
s,6,29,0.0003800769931139223
2,),67,0.0008781089151252688
k,u,24,0.0003145464770597978
"
",p,53,0.0006946234701737201
r,j,178,0.0023328863715268333
b,3,72,0.0009436394311793933
e,7,24,0.0003145464770597978
(,e,92,0.0012057614953958915
",",o,289,0.0037876638279283983
u,),17,0.00022280375458402343
 ,6,61,0.0007994722958603194
8, ,73,0.0009567455343902182
(,=,16,0.00020969765137319852
",",<,16,0.00020969765137319852
<,",",18,0.00023590985779484833
",",>,16,0.00020969765137319852
>,.,16,0.00020969765137319852
.,),18,0.00023590985779484833
-,l,20,0.00026212206421649816
l,8,30,0.00039318309632474724
(,6,62,0.0008125783990711443
o,v,1944,0.02547826464184362
h,#,119,0.001559626282088164
#,9,46,0.0006028807476979457
v,v,11,0.00014416713531907398
h,y,32,0.00041939530274639705
y,r,36,0.00047181971558969666
0,g,34,0.00044560750916804685
g,w,50,0.0006553051605412454
g,j,174,0.0022804619586835337
7,9,205,0.002686751158219106
6,4,184,0.002411522990791783
7,7,136,0.0017824300366721874
7,1,110,0.0014416713531907397
x,2,25,0.0003276525802706227
m,g,14,0.0001834854449515487
(,i,111,0.0014547774564015647
n,f,819,0.010733898529665598
f,),990,0.012975042178716659
x,3,164,0.002149400926575285
7,6,196,0.002568796229321682
m,r,105,0.0013761408371366153
f,8,35,0.00045871361237887176
g,"
",33,0.00043250140595722195
n,m,38,0.0004980319220113465
r,:,107,0.0014023530435582651
_,t,464,0.006081231889822757
d,_,479,0.006277823437985131
@,c,17,0.00022280375458402343
d,"
",44,0.0005766685412762959
_,f,863,0.011310567070941895
(,c,192,0.002516371816478382
.,_,40,0.0005242441284329963
e,"
",370,0.004849258188005216
p,_,430,0.0056356243806547105
_,e,87,0.0011402309793417669
r,y,520,0.006815173669628952
y,_,134,0.0017562178302505376
(,f,340,0.004456075091680468
c,),1900,0.024901596100567323
w,r,131,0.0017168995206180628
(,*,9,0.00011795492889742416
*,a,65,0.000851896708703619
*,k,21,0.00027522816742732307
k,w,74,0.0009698516376010431
w,a,63,0.0008256845022819692
 ,#,362,0.004744409362318617
d,é,89,0.0011664431857634167
é,f,10,0.00013106103210824908
c,k,338,0.004429862885258819
k, ,115,0.0015072018692448644
k,(,5,6.553051605412454e-05
k,[,2,2.6212206421649816e-05
[,1,74,0.0009698516376010431
1,],160,0.0020969765137319853
],[,174,0.0022804619586835337
[,3,12,0.0001572732385298989
3,],20,0.00026212206421649816
r,é,41,0.0005373502316438212
é,t,8,0.00010484882568659926
r,è,4,5.242441284329963e-05
è,s,9,0.00011795492889742416
x,é,5,6.553051605412454e-05
é,c,24,0.0003145464770597978
n,"
",46,0.0006028807476979457
(,p,3731,0.04889887107958773
(,"
",155,0.0020314459976778607
 ,{,470,0.006159868509087707
{,t,25,0.0003276525802706227
),},14,0.0001834854449515487
},"""",99,0.001297504217871666
 ,),172,0.002254249752261884
"
",@,13,0.0001703793417407238
@,s,139,0.001821748346304662
_,1,104,0.0013630347339257903
_,2,104,0.0013630347339257903
w,o,67,0.0008781089151252688
r,k,32,0.00041939530274639705
k,e,648,0.00849275488061454
r,_,130,0.001703793417407238
=,w,10,0.00013106103210824908
a,3,121,0.0015858384885098138
m,&,10,0.00013106103210824908
&,1,11,0.00014416713531907398
.,6,12,0.0001572732385298989
6,s,20,0.00026212206421649816
x,v,28,0.0003669708899030974
4,g,39,0.0005111380252221714
m,4,131,0.0017168995206180628
4,t,31,0.00040628919953557215
h,z,74,0.0009698516376010431
5,q,32,0.00041939530274639705
q,w,18,0.00023590985779484833
q,e,3,3.931830963247472e-05
m,h,15,0.00019659154816237362
h,t,34,0.00044560750916804685
k,k,44,0.0005766685412762959
v,x,82,0.0010747004632876425
y,9,222,0.0029095549128031295
8,g,4,5.242441284329963e-05
c,j,67,0.0008781089151252688
d,j,114,0.0014940957660340393
8,f,48,0.0006290929541195955
.,7,7,9.174272247577435e-05
7,"
",7,9.174272247577435e-05
g,:,45,0.0005897746444871208
f,-,71,0.0009305333279685684
-,8,82,0.0010747004632876425
"
",',33,0.00043250140595722195
',',447,0.005858428135238734
',"
",144,0.0018872788623587866
l,-,35,0.00045871361237887176
-,a,33,0.00043250140595722195
(,0,946,0.012398373637440362
"""",/,26,0.0003407586834814476
/,.,8,0.00010484882568659926
a,w,83,0.0010878065664984672
n,h,20,0.00026212206421649816
l,p,166,0.0021756131329969345
_,g,168,0.0022018253394185845
m,b,281,0.003682815002241799
_,r,94,0.0012319737018175413
l,"
",37,0.00048492581880052156
n,),1002,0.013132315417246557
 ,',756,0.00990821402738363
',f,69,0.0009043211215469186
a,k,54,0.000707729573384545
 ,`,18,0.00023590985779484833
`,u,3,3.931830963247472e-05
s,`,3,3.931830963247472e-05
`, ,12,0.0001572732385298989
`,a,6,7.863661926494944e-05
e,`,6,7.863661926494944e-05
w,i,204,0.002673645055008281
h,"
",18,0.00023590985779484833
i,y,51,0.0006684112637520703
`,f,3,3.931830963247472e-05
l,`,3,3.931830963247472e-05
`,.,4,5.242441284329963e-05
.,"
",483,0.00633024785082843
g,_,211,0.0027653877774840552
o,-,26,0.0003407586834814476
9,-,16,0.00020969765137319852
 ,k,237,0.003106146460965503
e,y,366,0.004796833775161916
y,w,56,0.0007339417798061948
"""",k,26,0.0003407586834814476
_,(,42,0.0005504563348546461
s,:,286,0.0037483455182959237
v,u,9,0.00011795492889742416
(,u,57,0.0007470478830170197
t,:,124,0.0016251567981422886
.,k,18,0.00023590985779484833
',r,64,0.0008387906054927941
`,i,2,2.6212206421649816e-05
1,`,2,2.6212206421649816e-05
`,',2,2.6212206421649816e-05
 ,%,92,0.0012057614953958915
%,s,62,0.0008125783990711443
g,),83,0.0010878065664984672
u,f,70,0.0009174272247577435
x,',59,0.0007732600894386696
"""",z,4,5.242441284329963e-05
z,"""",25,0.0003276525802706227
 ,z,10,0.00013106103210824908
e,',156,0.0020445521008886857
d,:,21,0.00027522816742732307
t,',97,0.001271292011450016
s,[,131,0.0017168995206180628
[,f,25,0.0003276525802706227
d,],2,2.6212206421649816e-05
',l,23,0.00030144037384897287
r,',209,0.0027391755710624056
a,_,194,0.002542584022900032
{,"
",8,0.00010484882568659926
[,"""",3953,0.051808425992390855
"""",],3952,0.051795319889180035
",","
",1567,0.02053726373136263
 ,},17,0.00022280375458402343
},"
",41,0.0005373502316438212
n,p,142,0.0018610666559371368
_,o,129,0.001690687314196413
"""",-,54,0.000707729573384545
-,r,24,0.0003145464770597978
-,e,19,0.00024901596100567326
f,y,62,0.0008125783990711443
y,:,113,0.0014809896628232145
l,_,230,0.0030144037384897287
_,v,26,0.0003407586834814476
_,c,658,0.00862381591272279
g,b,70,0.0009174272247577435
h,:,16,0.00020969765137319852
v,_,46,0.0006028807476979457
k,_,70,0.0009174272247577435
v,y,4,5.242441284329963e-05
v,(,48,0.0006290929541195955
-,v,5,6.553051605412454e-05
n,-,16,0.00020969765137319852
-,c,46,0.0006028807476979457
y,),89,0.0011664431857634167
_,b,180,0.0023590985779484834
h,_,91,0.0011926553921850665
h,),55,0.0007208356765953699
),.,187,0.0024508413004242576
',_,12,0.0001572732385298989
_,',12,0.0001572732385298989
2,:,24,0.0003145464770597978
d,[,50,0.0006553051605412454
[,0,195,0.002555690126110857
0,],173,0.002267355855472709
], ,250,0.0032765258027062268
-,f,21,0.00027522816742732307
-,u,13,0.0001703793417407238
-,o,14,0.0001834854449515487
t,),325,0.004259483543518095
s,-,50,0.0006553051605412454
-,k,10,0.00013106103210824908
k,"""",89,0.0011664431857634167
f,/,9,0.00011795492889742416
/,k,10,0.00013106103210824908
l,:,29,0.0003800769931139223
-,x,3,3.931830963247472e-05
-,i,22,0.00028833427063814797
-,n,39,0.0005111380252221714
r,-,14,0.0001834854449515487
f,_,86,0.001127124876130942
t,m,216,0.00283091829353818
o,),137,0.0017955361398830122
"""",.,163,0.00213629482336446
"""",*,7,9.174272247577435e-05
*,"""",23,0.00030144037384897287
.,n,71,0.0009305333279685684
y,(,94,0.0012319737018175413
o,_,177,0.0023197802683160088
9,),45,0.0005897746444871208
v,=,4,5.242441284329963e-05
:,c,12,0.0001572732385298989
',c,88,0.0011533370825525919
.,',11,0.00014416713531907398
m,_,109,0.001428565249979915
_,.,3,3.931830963247472e-05
"""",\\,135,0.0017693239334613624
\\,n,152,0.001992127688045386
),[,82,0.0010747004632876425
',%,3,3.931830963247472e-05
"
",u,5,6.553051605412454e-05
', ,311,0.004075998098566546
%, ,29,0.0003800769931139223
',-,36,0.00047181971558969666
',",",1065,0.013957999919528527
y,i,11,0.00014416713531907398
=,"""",133,0.0017431117270397126
p,=,105,0.0013761408371366153
s,',82,0.0010747004632876425
y,',17,0.00022280375458402343
=,',348,0.0045609239173670674
',s,68,0.0008912150183360937
e,[,199,0.0026081145389541564
y,"
",55,0.0007208356765953699
0,"
",94,0.0012319737018175413
y,b,16,0.00020969765137319852
#,"
",7,9.174272247577435e-05
!, ,4,5.242441284329963e-05
g,!,4,5.242441284329963e-05
!,"""",4,5.242441284329963e-05
2,"
",18,0.00023590985779484833
f,g,53,0.0006946234701737201
8,j,107,0.0014023530435582651
8,w,30,0.00039318309632474724
t,7,53,0.0006946234701737201
"""",@,86,0.001127124876130942
@,@,8,0.00010484882568659926
@,d,23,0.00030144037384897287
2,p,97,0.001271292011450016
0,b,200,0.0026212206421649814
0,f,49,0.0006421990573304204
b,4,26,0.0003407586834814476
i,i,111,0.0014547774564015647
s,4,35,0.00045871361237887176
",",p,194,0.002542584022900032
b,8,46,0.0006028807476979457
v,7,47,0.0006159868509087706
3,6,197,0.002581902332532507
x,7,22,0.00028833427063814797
6,7,87,0.0011402309793417669
7,2,249,0.0032634196994954017
6,9,93,0.0012188675986067163
7,p,72,0.0009436394311793933
j,5,351,0.0046002422269995425
l,5,33,0.00043250140595722195
u,1,163,0.00213629482336446
k,v,50,0.0006553051605412454
 ,5,58,0.0007601539862278446
(,5,102,0.0013368225275041405
7,a,57,0.0007470478830170197
9, ,31,0.00040628919953557215
9,.,89,0.0011664431857634167
9,"""",206,0.002699857261429931
/,c,22,0.00028833427063814797
0,q,6,7.863661926494944e-05
.,o,65,0.000851896708703619
k,m,281,0.003682815002241799
m,2,227,0.002975085428857254
y,8,38,0.0004980319220113465
",",n,1822,0.02387932005012298
(, ,56,0.0007339417798061948
g,y,51,0.0006684112637520703
g,c,114,0.0014940957660340393
b,m,42,0.0005504563348546461
y,f,45,0.0005897746444871208
e,5,103,0.0013499286307149655
e,8,25,0.0003276525802706227
y,g,19,0.00024901596100567326
y,v,28,0.0003669708899030974
0,a,130,0.001703793417407238
a,9,54,0.000707729573384545
l,j,64,0.0008387906054927941
8,.,114,0.0014940957660340393
3,z,39,0.0005111380252221714
3,j,198,0.002595008435743332
6,j,202,0.0026474328485866314
j,q,29,0.0003800769931139223
q,z,17,0.00022280375458402343
q,1,14,0.0001834854449515487
-,"
",9,0.00011795492889742416
"
","""",28,0.0003669708899030974
7, ,54,0.000707729573384545
:,5,5,6.553051605412454e-05
6,:,3,3.931830963247472e-05
@,a,9,0.00011795492889742416
i,"
",13,0.0001703793417407238
{,"""",14,0.0001834854449515487
0,m,27,0.0003538647866922725
"""",},7,9.174272247577435e-05
r,x,18,0.00023590985779484833
d,6,95,0.0012450798050283663
j,4,252,0.0033027380091278768
u,g,19,0.00024901596100567326
g,2,112,0.0014678835596123895
2,u,51,0.0006684112637520703
u,2,40,0.0005242441284329963
j,9,249,0.0032634196994954017
g,3,79,0.0010353821536551676
y,c,84,0.0011009126697092923
2,g,4,5.242441284329963e-05
2,f,73,0.0009567455343902182
e,h,23,0.00030144037384897287
h,s,37,0.00048492581880052156
t,8,104,0.0013630347339257903
8,1,385,0.005045849736167589
4,w,110,0.0014416713531907397
g,",",63,0.0008256845022819692
d,x,87,0.0011402309793417669
#,8,36,0.00047181971558969666
l,4,51,0.0006684112637520703
8,9,309,0.004049785892144896
9,g,66,0.0008650028119144439
9,f,36,0.00047181971558969666
7,w,32,0.00041939530274639705
3,s,86,0.001127124876130942
(,+,89,0.0011664431857634167
+,1,105,0.0013761408371366153
l,r,196,0.002568796229321682
y,4,7,9.174272247577435e-05
h,l,297,0.0038925126536149975
"""",h,13,0.0001703793417407238
e,z,131,0.0017168995206180628
z,h,4,5.242441284329963e-05
h,4,37,0.00048492581880052156
p,),84,0.0011009126697092923
2,h,56,0.0007339417798061948
h,1,81,0.0010615943600768174
d,w,29,0.0003800769931139223
0,y,6,7.863661926494944e-05
s,7,58,0.0007601539862278446
0,d,85,0.001114018772920117
j,j,102,0.0013368225275041405
u,#,2,2.6212206421649816e-05
g,-,11,0.00014416713531907398
#,0,30,0.00039318309632474724
v,m,58,0.0007601539862278446
v,-,4,5.242441284329963e-05
"""",',125,0.0016382629013531134
s,<,2,2.6212206421649816e-05
",",i,28,0.0003669708899030974
',"""",119,0.001559626282088164
k,p,27,0.0003538647866922725
r,w,117,0.0015334140756665142
w,(,18,0.00023590985779484833
x,{,4,5.242441284329963e-05
{,c,16,0.00020969765137319852
v,{,8,0.00010484882568659926
p,{,8,0.00010484882568659926
(,d,236,0.0030930403577546783
3,h,42,0.0005504563348546461
r,4,64,0.0008387906054927941
",",y,266,0.003486223454079425
",",e,797,0.010445564259027451
x,8,49,0.0006421990573304204
8,s,27,0.0003538647866922725
k,l,105,0.0013761408371366153
l,z,23,0.00030144037384897287
i,z,155,0.0020314459976778607
z,o,26,0.0003407586834814476
s,w,99,0.001297504217871666
-,t,7,9.174272247577435e-05
',\\,90,0.0011795492889742417
\\,r,2,2.6212206421649816e-05
",",',63,0.0008256845022819692
n,\\,40,0.0005242441284329963
t,é,23,0.00030144037384897287
é,e,44,0.0005766685412762959
a,ë,1,1.3106103210824908e-05
ë,l,1,1.3106103210824908e-05
\\,s,588,0.007706388687965046
s,+,252,0.0033027380091278768
+,n,8,0.00010484882568659926
e,\\,46,0.0006028807476979457
+,"""",207,0.0027129633646407556
",",f,463,0.0060681257866119324
(,[,103,0.0013499286307149655
[,\\,47,0.0006159868509087706
\\,w,143,0.0018741727591479618
.,],20,0.00026212206421649816
],+,115,0.0015072018692448644
+,),127,0.0016644751077747632
),\\,141,0.0018479605527263118
s,*,319,0.004180846924253146
*,\\,163,0.00213629482336446
\\,(,120,0.001572732385298989
l,\\,8,0.00010484882568659926
0,-,34,0.00044560750916804685
-,9,35,0.00045871361237887176
",",],18,0.00023590985779484833
+,\\,88,0.0011533370825525919
\\,),84,0.0011009126697092923
(,\\,173,0.002267355855472709
\\,g,12,0.0001572732385298989
g,<,12,0.0001572732385298989
<,1,6,7.863661926494944e-05
1,>,6,7.863661926494944e-05
),',57,0.0007470478830170197
*,d,16,0.00020969765137319852
",",\\,29,0.0003800769931139223
*,f,15,0.00019659154816237362
t,\\,58,0.0007601539862278446
*,',19,0.00024901596100567326
',y,49,0.0006421990573304204
%,y,5,6.553051605412454e-05
y,%,3,3.931830963247472e-05
%,m,9,0.00011795492889742416
m,%,6,7.863661926494944e-05
%,d,5,6.553051605412454e-05
 ,\\,3371,0.04418067392369076
>,),2,2.6212206421649816e-05
+,(,63,0.0008256845022819692
_,),2,2.6212206421649816e-05
),?,47,0.0006159868509087706
?,d,12,0.0001572732385298989
d,\\,10,0.00013106103210824908
?,"""",5,6.553051605412454e-05
f,z,51,0.0006684112637520703
o,\\,7,9.174272247577435e-05
(,(,93,0.0012188675986067163
w,\\,13,0.0001703793417407238
\\,.,106,0.0013892469403474401
\\,1,28,0.0003669708899030974
s,\\,37,0.00048492581880052156
1,\\,4,5.242441284329963e-05
y,/,6,7.863661926494944e-05
/,m,36,0.00047181971558969666
m,',15,0.00019659154816237362
\\,|,6,7.863661926494944e-05
|,\\,59,0.0007732600894386696
',/,9,0.00011795492889742416
/,0,5,6.553051605412454e-05
m,/,24,0.0003145464770597978
/,d,46,0.0006028807476979457
a,"
",31,0.00040628919953557215
+,i,10,0.00013106103210824908
\\,"""",47,0.0006159868509087706
"""",?,10,0.00013106103210824908
?,(,19,0.00024901596100567326
w,@,8,0.00010484882568659926
@,],6,7.863661926494944e-05
?,\\,38,0.0004980319220113465
.,(,20,0.00026212206421649816
w,+,100,0.0013106103210824907
),s,7,9.174272247577435e-05
",",r,58,0.0007601539862278446
.,\\,28,0.0003669708899030974
\\,2,20,0.00026212206421649816
2,s,34,0.00044560750916804685
\\,3,11,0.00014416713531907398
*,),101,0.0013237164242933157
1,s,84,0.0011009126697092923
',(,46,0.0006028807476979457
s,|,5,6.553051605412454e-05
),n,3,3.931830963247472e-05
1,<,1,1.3106103210824908e-05
<,>,2,2.6212206421649816e-05
>,',2,2.6212206421649816e-05
p,\\,7,9.174272247577435e-05
\\,d,20,0.00026212206421649816
d,*,11,0.00014416713531907398
p,',55,0.0007208356765953699
(,v,22,0.00028833427063814797
?,c,2,2.6212206421649816e-05
r,\\,12,0.0001572732385298989
d,+,44,0.0005766685412762959
(,.,28,0.0003669708899030974
.,*,44,0.0005766685412762959
y,\\,6,7.863661926494944e-05
(,j,32,0.00041939530274639705
_,h,29,0.0003800769931139223
j,\\,1,1.3106103210824908e-05
w,*,8,0.00010484882568659926
*,(,55,0.0007208356765953699
*,c,22,0.00028833427063814797
-,m,27,0.0003538647866922725
m,-,14,0.0001834854449515487
-,d,30,0.00039318309632474724
b,h,5,6.553051605412454e-05
:,m,8,0.00010484882568659926
i,:,51,0.0006684112637520703
:,s,4,5.242441284329963e-05
h,2,46,0.0006028807476979457
*,s,56,0.0007339417798061948
+,c,32,0.00041939530274639705
\\,*,32,0.00041939530274639705
m,\\,19,0.00024901596100567326
+,t,45,0.0005897746444871208
+,f,30,0.00039318309632474724
w,|,1,1.3106103210824908e-05
.,|,6,7.863661926494944e-05
|,@,1,1.3106103210824908e-05
@,),1,1.3106103210824908e-05
),+,31,0.00040628919953557215
*,>,1,1.3106103210824908e-05
>,\\,3,3.931830963247472e-05
*,0,4,5.242441284329963e-05
0,',148,0.0019397032752020862
),>,4,5.242441284329963e-05
>,0,7,9.174272247577435e-05
+,',32,0.00041939530274639705
(,$,1,1.3106103210824908e-05
$,|,2,2.6212206421649816e-05
|,;,5,6.553051605412454e-05
;,),5,6.553051605412454e-05
3,;,1,1.3106103210824908e-05
;,"""",20,0.00026212206421649816
+,a,8,0.00010484882568659926
+,d,6,7.863661926494944e-05
),u,2,2.6212206421649816e-05
1,u,73,0.0009567455343902182
2,',42,0.0005504563348546461
(,^,9,0.00011795492889742416
^,|,7,9.174272247577435e-05
),d,2,2.6212206421649816e-05
@,"""",5,6.553051605412454e-05
1,d,53,0.0006946234701737201
3,',44,0.0005766685412762959
+,-,7,9.174272247577435e-05
-,\\,8,0.00010484882568659926
\\,+,2,2.6212206421649816e-05
+,|,7,9.174272247577435e-05
|,-,2,2.6212206421649816e-05
-,),2,2.6212206421649816e-05
),*,17,0.00022280375458402343
(,b,93,0.0012188675986067163
t,|,5,6.553051605412454e-05
|,i,3,3.931830963247472e-05
(,/,1,1.3106103210824908e-05
/,|,1,1.3106103210824908e-05
*,|,4,5.242441284329963e-05
e,|,14,0.0001834854449515487
|,t,2,2.6212206421649816e-05
\\,5,3,3.931830963247472e-05
\\,6,1,1.3106103210824908e-05
\\,7,1,1.3106103210824908e-05
\\,8,1,1.3106103210824908e-05
),f,5,6.553051605412454e-05
],),3777,0.049501751827285674
"""",j,48,0.0006290929541195955
_,j,229,0.0030012976352789037
g,\\,7,9.174272247577435e-05
),;,9,0.00011795492889742416
;,\\,7,9.174272247577435e-05
}, ,407,0.005334184006805737
},\\,58,0.0007601539862278446
y,=,54,0.000707729573384545
=,\\,9,0.00011795492889742416
:,/,23,0.00030144037384897287
-,b,16,0.00020969765137319852
b,q,162,0.002123188720153635
q,-,1,1.3106103210824908e-05
b,/,4,5.242441284329963e-05
/,j,5,6.553051605412454e-05
h,-,8,0.00010484882568659926
"""",+,357,0.004678878846264492
?,),15,0.00019659154816237362
?,s,4,5.242441284329963e-05
|,v,3,3.931830963247472e-05
w,),27,0.0003538647866922725
",",j,18,0.00023590985779484833
j,",",4,5.242441284329963e-05
",",m,17,0.00022280375458402343
h,=,15,0.00019659154816237362
w,h,211,0.0027653877774840552
n,>,3,3.931830963247472e-05
s,>,1,1.3106103210824908e-05
h,!,1,1.3106103210824908e-05
",",s,1046,0.013708983958522852
j,:,40,0.0005242441284329963
:,],87,0.0011402309793417669
j,<,1,1.3106103210824908e-05
<,l,5,6.553051605412454e-05
j,],22,0.00028833427063814797
],=,38,0.0004980319220113465
\\,',50,0.0006553051605412454
n,+,7,9.174272247577435e-05
+,=,106,0.0013892469403474401
-,=,7,9.174272247577435e-05
',[,10,0.00013106103210824908
[,',84,0.0011009126697092923
',],81,0.0010615943600768174
],',12,0.0001572732385298989
\\,\\,11,0.00014416713531907398
',:,27,0.0003538647866922725
j,+,36,0.00047181971558969666
j,"
",17,0.00022280375458402343
m,=,33,0.00043250140595722195
+,m,43,0.000563562438065471
i,<,2,2.6212206421649816e-05
[,i,198,0.002595008435743332
:,i,45,0.0005897746444871208
i,+,38,0.0004980319220113465
+,4,3,3.931830963247472e-05
4,],5,6.553051605412454e-05
i,],125,0.0016382629013531134
i,=,4,5.242441284329963e-05
=,l,23,0.00030144037384897287
+,s,43,0.000563562438065471
],.,72,0.0009436394311793933
4,"
",7,9.174272247577435e-05
],!,7,9.174272247577435e-05
',;,89,0.0011664431857634167
;,',109,0.001428565249979915
i,>,1,1.3106103210824908e-05
>,=,12,0.0001572732385298989
i,-,6,7.863661926494944e-05
+,l,16,0.00020969765137319852
],(,2,2.6212206421649816e-05
?,i,2,2.6212206421649816e-05
),(,38,0.0004980319220113465
?,',7,9.174272247577435e-05
m,!,31,0.00040628919953557215
m,[,84,0.0011009126697092923
[,4,4,5.242441284329963e-05
],:,51,0.0006684112637520703
 ,>,76,0.000996063844022693
[,:,41,0.0005373502316438212
 ,7,26,0.0003407586834814476
7,],2,2.6212206421649816e-05
@,\\,2,2.6212206421649816e-05
e,+,45,0.0005897746444871208
",","""",4032,0.05284380814604603
=,m,22,0.00028833427063814797
m,"
",7,9.174272247577435e-05
.,@,4,5.242441284329963e-05
',?,22,0.00028833427063814797
b,:,9,0.00011795492889742416
[,],106,0.0013892469403474401
o,k,60,0.0007863661926494945
k,:,7,9.174272247577435e-05
(,",",9,0.00011795492889742416
",",|,3,3.931830963247472e-05
k,"
",24,0.0003145464770597978
:,(,4,5.242441284329963e-05
(,-,15,0.00019659154816237362
[,-,45,0.0005897746444871208
t,+,14,0.0001834854449515487
r,],21,0.00027522816742732307
r,<,2,2.6212206421649816e-05
),-,24,0.0003145464770597978
1,:,39,0.0005111380252221714
n,w,27,0.0003538647866922725
"""",[,21,0.00027522816742732307
[,*,1,1.3106103210824908e-05
],"""",4,5.242441284329963e-05
+,j,9,0.00011795492889742416
),$,12,0.0001572732385298989
$,"""",14,0.0001834854449515487
:,j,23,0.00030144037384897287
j,-,9,0.00011795492889742416
2,!,3,3.931830963247472e-05
1,-,8,0.00010484882568659926
2,[,3,3.931830963247472e-05
2,-,7,9.174272247577435e-05
[,^,73,0.0009567455343902182
^,\\,32,0.00041939530274639705
],*,82,0.0010747004632876425
m,:,13,0.0001703793417407238
[,2,40,0.0005242441284329963
2,],56,0.0007339417798061948
+,p,27,0.0003538647866922725
h,+,8,0.00010484882568659926
',$,13,0.0001703793417407238
$,[,6,7.863661926494944e-05
:,-,20,0.00026212206421649816
-,3,9,0.00011795492889742416
*,:,8,0.00010484882568659926
:,',6,7.863661926494944e-05
(,],5,6.553051605412454e-05
l,+,21,0.00027522816742732307
$,.,2,2.6212206421649816e-05
|,",",1,1.3106103210824908e-05
=,2,8,0.00010484882568659926
-,[,4,5.242441284329963e-05
\\,/,22,0.00028833427063814797
/,\\,14,0.0001834854449515487
],|,3,3.931830963247472e-05
*,[,13,0.0001703793417407238
/,],2,2.6212206421649816e-05
*,+,2,2.6212206421649816e-05
/,',5,6.553051605412454e-05
*,o,3,3.931830963247472e-05
(,|,3,3.931830963247472e-05
l,[,69,0.0009043211215469186
j,),8,0.00010484882568659926
),=,5,6.553051605412454e-05
",",(,32,0.00041939530274639705
],c,1,1.3106103210824908e-05
",",),6,7.863661926494944e-05
c,!,3,3.931830963247472e-05
=,e,30,0.00039318309632474724
w,c,21,0.00027522816742732307
@,e,5,6.553051605412454e-05
\\,[,7,9.174272247577435e-05
],?,7,9.174272247577435e-05
?,|,7,9.174272247577435e-05
',|,7,9.174272247577435e-05
.,{,39,0.0005111380252221714
{,1,3,3.931830963247472e-05
2,},5,6.553051605412454e-05
|,[,2,2.6212206421649816e-05
',+,11,0.00014416713531907398
+,v,5,6.553051605412454e-05
+,w,6,7.863661926494944e-05
?,u,1,1.3106103210824908e-05
+,r,10,0.00013106103210824908
r,+,8,0.00010484882568659926
d,@,2,2.6212206421649816e-05
@,w,3,3.931830963247472e-05
*,{,4,5.242441284329963e-05
{,\\,4,5.242441284329963e-05
:,\\,18,0.00023590985779484833
^,"""",5,6.553051605412454e-05
*,},4,5.242441284329963e-05
",",?,7,9.174272247577435e-05
*,t,12,0.0001572732385298989
w,_,188,0.0024639474036350826
(,y,1,1.3106103210824908e-05
z,z,2,2.6212206421649816e-05
z,),9,0.00011795492889742416
\\,],1,1.3106103210824908e-05
],\\,3,3.931830963247472e-05
p,[,96,0.001258185908239191
[,k,23,0.00030144037384897287
k,],18,0.00023590985779484833
-,.,1,1.3106103210824908e-05
e,!,1,1.3106103210824908e-05
k,+,4,5.242441284329963e-05
f,[,68,0.0008912150183360937
",",w,7,9.174272247577435e-05
:,f,7,9.174272247577435e-05
[,m,2,2.6212206421649816e-05
',^,15,0.00019659154816237362
"""",$,2,2.6212206421649816e-05
$,',12,0.0001572732385298989
0,|,2,2.6212206421649816e-05
|,1,2,2.6212206421649816e-05
g,+,2,2.6212206421649816e-05
x,+,3,3.931830963247472e-05
*,n,1,1.3106103210824908e-05
*,r,6,7.863661926494944e-05
w,=,1,1.3106103210824908e-05
w,',32,0.00041939530274639705
c,',793,0.010393139846184151
^,),3,3.931830963247472e-05
),|,3,3.931830963247472e-05
?,p,1,1.3106103210824908e-05
),{,2,2.6212206421649816e-05
{,0,3,3.931830963247472e-05
3,},8,0.00010484882568659926
},),8,0.00010484882568659926
+,b,3,3.931830963247472e-05
*,b,6,7.863661926494944e-05
t,w,98,0.001284398114660841
+,e,4,5.242441284329963e-05
h,\\,1,1.3106103210824908e-05
t,6,88,0.0011533370825525919
\\,4,1,1.3106103210824908e-05
{,3,7,9.174272247577435e-05
3,\\,3,3.931830963247472e-05
 ,",",2709,0.03550443359812468
+,o,194,0.002542584022900032
|,c,2,2.6212206421649816e-05
|,r,4,5.242441284329963e-05
a,+,3,3.931830963247472e-05
"""",|,1,1.3106103210824908e-05
j,6,65,0.000851896708703619
r,h,35,0.00045871361237887176
3,c,89,0.0011664431857634167
4,c,47,0.0006159868509087706
h,6,56,0.0007339417798061948
h,7,67,0.0008781089151252688
7,c,63,0.0008256845022819692
h,8,82,0.0010747004632876425
h,9,186,0.0024377351972134326
9,c,46,0.0006028807476979457
9,4,83,0.0010878065664984672
t,9,45,0.0005897746444871208
m,8,201,0.0026343267453758064
8,t,68,0.0008912150183360937
3,w,96,0.001258185908239191
f,2,55,0.0007208356765953699
2,l,2,2.6212206421649816e-05
d,7,231,0.0030275098417005537
5,i,70,0.0009174272247577435
9,p,7,9.174272247577435e-05
#,7,58,0.0007601539862278446
q,3,9,0.00011795492889742416
#,3,55,0.0007208356765953699
6,),7,9.174272247577435e-05
),c,1,1.3106103210824908e-05
.,$,27,0.0003538647866922725
$,p,24,0.0003145464770597978
v,",",16,0.00020969765137319852
),l,1,1.3106103210824908e-05
v,),45,0.0005897746444871208
+,0,5,6.553051605412454e-05
n,4,59,0.0007732600894386696
7,4,126,0.0016513690045639384
n,6,12,0.0001572732385298989
3,8,159,0.0020838704105211603
y,3,38,0.0004980319220113465
r,9,41,0.0005373502316438212
m,),49,0.0006421990573304204
k,d,21,0.00027522816742732307
e,/,40,0.0005242441284329963
 ,|,15,0.00019659154816237362
|, ,15,0.00019659154816237362
/,g,19,0.00024901596100567326
x,/,5,6.553051605412454e-05
k,/,3,3.931830963247472e-05
.,q,7,9.174272247577435e-05
k,8,109,0.001428565249979915
t,n,25,0.0003276525802706227
t,/,35,0.00045871361237887176
/,r,23,0.00030144037384897287
x,o,68,0.0008912150183360937
',9,23,0.00030144037384897287
9,',19,0.00024901596100567326
x,-,3,3.931830963247472e-05
 ,å,20,0.00026212206421649816
å,¡,52,0.0006815173669628952
¡, ,20,0.00026212206421649816
w,$,8,0.00010484882568659926
2,n,24,0.0003145464770597978
k,o,174,0.0022804619586835337
1,g,84,0.0011009126697092923
4,r,24,0.0003145464770597978
v,4,64,0.0008387906054927941
v,5,28,0.0003669708899030974
x,f,75,0.000982957740811868
r,5,28,0.0003669708899030974
3,7,152,0.001992127688045386
r,6,103,0.0013499286307149655
d,g,293,0.003840088240771698
*,"
",15,0.00019659154816237362
(,x,16,0.00020969765137319852
5,@,2,2.6212206421649816e-05
u,w,48,0.0006290929541195955
i,4,17,0.00022280375458402343
d,3,155,0.0020314459976778607
5,r,83,0.0010878065664984672
n,9,12,0.0001572732385298989
p,",",72,0.0009436394311793933
2,i,50,0.0006553051605412454
i,w,47,0.0006159868509087706
m,z,58,0.0007601539862278446
e,6,152,0.001992127688045386
7,n,1,1.3106103210824908e-05
o,3,25,0.0003276525802706227
9,h,12,0.0001572732385298989
r,8,52,0.0006815173669628952
9,m,5,6.553051605412454e-05
i,ã,1,1.3106103210824908e-05
ã,©,7,9.174272247577435e-05
©,s,4,5.242441284329963e-05
 , ,50,0.0006553051605412454
 ,i,29,0.0003800769931139223
 ,s,16,0.00020969765137319852
k,4,68,0.0008912150183360937
4,a,52,0.0006815173669628952
#,6,51,0.0006684112637520703
x,0,325,0.004259483543518095
0,s,31,0.00040628919953557215
r,b,85,0.001114018772920117
1,r,123,0.0016120506949314636
1,i,139,0.001821748346304662
i,j,169,0.0022149314426294095
f,9,26,0.0003407586834814476
(,&,27,0.0003538647866922725
&,t,22,0.00028833427063814797
h,d,82,0.0010747004632876425
g,4,16,0.00020969765137319852
y,0,40,0.0005242441284329963
6,k,4,5.242441284329963e-05
k,h,106,0.0013892469403474401
l,h,36,0.00047181971558969666
6,@,8,0.00010484882568659926
7,3,138,0.0018086422430938372
f,$,2,2.6212206421649816e-05
 ,.,27,0.0003538647866922725
e,*,6,7.863661926494944e-05
7,q,38,0.0004980319220113465
7,u,41,0.0005373502316438212
t,},28,0.0003669708899030974
},r,3,3.931830963247472e-05
m,5,142,0.0018610666559371368
u,6,10,0.00013106103210824908
u,5,33,0.00043250140595722195
u,7,10,0.00013106103210824908
l,{,14,0.0001834854449515487
b,6,40,0.0005242441284329963
8,p,16,0.00020969765137319852
f,3,73,0.0009567455343902182
g,6,13,0.0001703793417407238
m,6,31,0.00040628919953557215
5,f,40,0.0005242441284329963
w,-,5,6.553051605412454e-05
k,g,16,0.00020969765137319852
b,k,5,6.553051605412454e-05
h,c,95,0.0012450798050283663
"""",9,9,0.00011795492889742416
3,/,4,5.242441284329963e-05
/,a,26,0.0003407586834814476
k,y,32,0.00041939530274639705
4,z,68,0.0008912150183360937
7,@,4,5.242441284329963e-05
@,6,18,0.00023590985779484833
*,/,64,0.0008387906054927941
¡,1,4,5.242441284329963e-05
a,å,16,0.00020969765137319852
¡,5,4,5.242441284329963e-05
¡,2,8,0.00010484882568659926
¡,n,12,0.0001572732385298989
-,å,16,0.00020969765137319852
¡,k,4,5.242441284329963e-05
g,z,98,0.001284398114660841
9,s,19,0.00024901596100567326
#,=,18,0.00023590985779484833
=,"
",18,0.00023590985779484833
#,d,11,0.00014416713531907398
@,f,22,0.00028833427063814797
w,n,25,0.0003276525802706227
a,-,27,0.0003538647866922725
g,o,36,0.00047181971558969666
n,@,1,1.3106103210824908e-05
=,5,12,0.0001572732385298989
"
",},2,2.6212206421649816e-05
l,=,34,0.00044560750916804685
@,p,7,9.174272247577435e-05
@,t,7,9.174272247577435e-05
/,o,15,0.00019659154816237362
w,/,9,0.00011795492889742416
a,/,9,0.00011795492889742416
/,"""",3574,0.04684121287548822
/,s,62,0.0008125783990711443
l,/,13,0.0001703793417407238
',m,30,0.00039318309632474724
c,/,37,0.00048492581880052156
"
",b,9,0.00011795492889742416
@,b,6,7.863661926494944e-05
"
",a,2,2.6212206421649816e-05
=,$,9,0.00011795492889742416
$,g,3,3.931830963247472e-05
s,;,3,3.931830963247472e-05
o,/,6,7.863661926494944e-05
8,l,3,3.931830963247472e-05
>,l,61,0.0007994722958603194
/,n,9,0.00011795492889742416
0,r,47,0.0006159868509087706
b,),12,0.0001572732385298989
9,z,85,0.001114018772920117
x,b,76,0.000996063844022693
k,),17,0.00022280375458402343
x,g,154,0.0020183398944670357
a,#,18,0.00023590985779484833
-,j,20,0.00026212206421649816
1,z,136,0.0017824300366721874
o,4,33,0.00043250140595722195
u,4,16,0.00020969765137319852
u,3,12,0.0001572732385298989
o,e,781,0.010235866607654253
k,i,98,0.001284398114660841
"""",q,9,0.00011795492889742416
u,k,6,7.863661926494944e-05
2,_,8,0.00010484882568659926
5,s,42,0.0005504563348546461
',d,43,0.000563562438065471
q,y,2,2.6212206421649816e-05
',z,4,5.242441284329963e-05
-,&,2,2.6212206421649816e-05
&,2,2,2.6212206421649816e-05
2,q,5,6.553051605412454e-05
q,k,2,2.6212206421649816e-05
k,',6,7.863661926494944e-05
',7,13,0.0001703793417407238
7,',21,0.00027522816742732307
w,u,45,0.0005897746444871208
g,q,81,0.0010615943600768174
o,",",34,0.00044560750916804685
"
",>,9,0.00011795492889742416
>,>,42,0.0005504563348546461
g,é,28,0.0003669708899030974
é,n,22,0.00028833427063814797
n,é,36,0.00047181971558969666
é,r,33,0.00043250140595722195
b,_,80,0.0010484882568659926
f,"
",15,0.00019659154816237362
#,	,3,3.931830963247472e-05
	,p,205,0.002686751158219106
n,#,3,3.931830963247472e-05
#,#,67,0.0008781089151252688
#,"""",4,5.242441284329963e-05
	,r,111,0.0014547774564015647
"
",	,1173,0.015373459066297616
	,"""",42,0.0005504563348546461
	,o,12,0.0001572732385298989
	,:,63,0.0008256845022819692
:,p,108,0.00141545914676909
f,:,41,0.0005373502316438212
:,r,26,0.0003407586834814476
n,:,78,0.0010222760504443428
	,n,53,0.0006946234701737201
	,m,63,0.0008256845022819692
',{,188,0.0024639474036350826
é,b,61,0.0007994722958603194
',.,224,0.002935767119224779
	,c,66,0.0008650028119144439
	,t,87,0.0011402309793417669
	,	,1255,0.016448159529585258
	,"
",54,0.000707729573384545
	,i,70,0.0009174272247577435
	, ,41,0.0005373502316438212
	,d,25,0.0003276525802706227
',j,10,0.00013106103210824908
	,f,76,0.000996063844022693
	,u,3,3.931830963247472e-05
},',85,0.001114018772920117
",",u,6,7.863661926494944e-05
	,e,68,0.0008912150183360937
g,=,133,0.0017431117270397126
	,s,47,0.0006159868509087706
o,=,10,0.00013106103210824908
	,j,15,0.00019659154816237362
	,),8,0.00010484882568659926
w,v,13,0.0001703793417407238
a,=,50,0.0006553051605412454
8,',49,0.0006421990573304204
v,q,53,0.0006946234701737201
	,b,19,0.00024901596100567326
q,_,118,0.0015465201788773392
	,l,31,0.00040628919953557215
m,f,54,0.000707729573384545
x,),52,0.0006815173669628952
h,u,70,0.0009174272247577435
n,k,64,0.0008387906054927941
',0,155,0.0020314459976778607
	,#,9,0.00011795492889742416
 ,à,43,0.000563562438065471
à, ,47,0.0006159868509087706
q,"
",14,0.0001834854449515487
",",l,26,0.0003407586834814476
},_,27,0.0003538647866922725
_,{,34,0.00044560750916804685
},.,61,0.0007994722958603194
z,',16,0.00020969765137319852
z,",",15,0.00019659154816237362
x,=,16,0.00020969765137319852
',g,23,0.00030144037384897287
',w,66,0.0008650028119144439
=,-,5,6.553051605412454e-05
-,4,8,0.00010484882568659926
o,',40,0.0005242441284329963
h,é,25,0.0003276525802706227
é,m,37,0.00048492581880052156
/,t,16,0.00020969765137319852
"""",^,7,9.174272247577435e-05
^,(,6,7.863661926494944e-05
.,+,25,0.0003276525802706227
),	,3,3.931830963247472e-05
	,q,9,0.00011795492889742416
"
",),8,0.00010484882568659926
p,:,26,0.0003407586834814476
a,:,42,0.0005504563348546461
v,',29,0.0003800769931139223
(,q,14,0.0001834854449515487
\\,x,10,0.00013106103210824908
i,é,14,0.0001834854449515487
é,"
",12,0.0001572732385298989
g,',23,0.00030144037384897287
a,[,56,0.0007339417798061948
l,è,28,0.0003669708899030974
è,m,21,0.00027522816742732307
[, ,28,0.0003669708899030974
c,],23,0.00030144037384897287
^,;,28,0.0003669708899030974
;,],28,0.0003669708899030974
	,w,17,0.00022280375458402343
"""",w,25,0.0003276525802706227
),w,1,1.3106103210824908e-05
u,ê,14,0.0001834854449515487
ê,t,18,0.00023590985779484833
l,é,20,0.00026212206421649816
é,s,24,0.0003145464770597978
h,p,22,0.00028833427063814797
m,k,36,0.00047181971558969666
	,a,8,0.00010484882568659926
c,"
",21,0.00027522816742732307
y,l,53,0.0006946234701737201
',n,28,0.0003669708899030974
p,é,3,3.931830963247472e-05
#,t,12,0.0001572732385298989
t,[,56,0.0007339417798061948
é, ,29,0.0003800769931139223
p,"
",19,0.00024901596100567326
y,+,16,0.00020969765137319852
	,g,3,3.931830963247472e-05
c,[,25,0.0003276525802706227
#,c,7,9.174272247577435e-05
t,q,73,0.0009567455343902182
n,[,3602,0.047208183765391314
-,2,8,0.00010484882568659926
<,=,8,0.00010484882568659926
[,l,7,9.174272247577435e-05
 ,	,33,0.00043250140595722195
	,{,3,3.931830963247472e-05
:,"""",4,5.242441284329963e-05
s,/,34,0.00044560750916804685
i,/,8,0.00010484882568659926
/,p,6,7.863661926494944e-05
-,w,3,3.931830963247472e-05
c,:,15,0.00019659154816237362
:,d,5,6.553051605412454e-05
:,7,3,3.931830963247472e-05
	,},2,2.6212206421649816e-05
},},5,6.553051605412454e-05
y,[,12,0.0001572732385298989
"
",q,3,3.931830963247472e-05
"
",e,3,3.931830963247472e-05
6,w,181,0.0023722046811593084
u,-,1,1.3106103210824908e-05
8,i,9,0.00011795492889742416
#,5,48,0.0006290929541195955
i,h,21,0.00027522816742732307
i,{,21,0.00027522816742732307
d,/,15,0.00019659154816237362
g,/,9,0.00011795492889742416
4,d,15,0.00019659154816237362
y,o,21,0.00027522816742732307
x,:,6,7.863661926494944e-05
i,7,204,0.002673645055008281
#,a,92,0.0012057614953958915
a,6,88,0.0011533370825525919
f,6,34,0.00044560750916804685
.,%,13,0.0001703793417407238
h,b,24,0.0003145464770597978
3,),35,0.00045871361237887176
v,w,60,0.0007863661926494945
v,d,18,0.00023590985779484833
b,v,15,0.00019659154816237362
3,:,3,3.931830963247472e-05
4,s,10,0.00013106103210824908
6,e,48,0.0006290929541195955
2,z,48,0.0006290929541195955
/,f,14,0.0001834854449515487
{,d,13,0.0001703793417407238
q,(,10,0.00013106103210824908
p,/,17,0.00022280375458402343
v,/,9,0.00011795492889742416
o,ù,1,1.3106103210824908e-05
ù, ,1,1.3106103210824908e-05
 ,?,2,2.6212206421649816e-05
?,?,3,3.931830963247472e-05
?,"
",3,3.931830963247472e-05
.,/,9,0.00011795492889742416
/,i,40,0.0005242441284329963
c,w,18,0.00023590985779484833
w,l,21,0.00027522816742732307
q,/,3,3.931830963247472e-05
k,s,55,0.0007208356765953699
f,',47,0.0006159868509087706
"
",j,3,3.931830963247472e-05
#,i,3,3.931830963247472e-05
"
",m,4,5.242441284329963e-05
é,a,3,3.931830963247472e-05
k,=,14,0.0001834854449515487
"""",{,90,0.0011795492889742417
{,b,17,0.00022280375458402343
},-,3,3.931830963247472e-05
x,"
",26,0.0003407586834814476
.,w,63,0.0008256845022819692
e,k,8,0.00010484882568659926
',`,1,1.3106103210824908e-05
`,c,2,2.6212206421649816e-05
d,`,1,1.3106103210824908e-05
`,\\,1,1.3106103210824908e-05
 ,;,4,5.242441284329963e-05
;,"
",3,3.931830963247472e-05
',à,1,1.3106103210824908e-05
+,?,24,0.0003145464770597978
?,;,3,3.931830963247472e-05
*,$,1,1.3106103210824908e-05
è,v,4,5.242441284329963e-05
 ,$,2,2.6212206421649816e-05
$,"
",1,1.3106103210824908e-05
\\,$,2,2.6212206421649816e-05
$,\\,2,2.6212206421649816e-05
c,é,5,6.553051605412454e-05
(,?,52,0.0006815173669628952
?,:,34,0.00044560750916804685
:,e,5,6.553051605412454e-05
:,a,4,5.242441284329963e-05
+,[,6,7.863661926494944e-05
:,v,1,1.3106103210824908e-05
*,;,7,9.174272247577435e-05
<,2,3,3.931830963247472e-05
2,>,3,3.931830963247472e-05
<,3,2,2.6212206421649816e-05
3,>,2,2.6212206421649816e-05
<,4,1,1.3106103210824908e-05
4,>,1,1.3106103210824908e-05
},;,5,6.553051605412454e-05
+,:,1,1.3106103210824908e-05
?,=,13,0.0001703793417407238
|,a,1,1.3106103210824908e-05
>,;,1,1.3106103210824908e-05
_,x,2,2.6212206421649816e-05
#,",",1,1.3106103210824908e-05
+,"
",1,1.3106103210824908e-05
>,1,1,1.3106103210824908e-05
|,s,2,2.6212206421649816e-05
w,f,12,0.0001572732385298989
9,],24,0.0003145464770597978
\\,",",4,5.242441284329963e-05
",",*,4,5.242441284329963e-05
^,.,8,0.00010484882568659926
.,",",32,0.00041939530274639705
^,',2,2.6212206421649816e-05
-,',7,9.174272247577435e-05
(,w,13,0.0001703793417407238
e,},86,0.001127124876130942
{,w,1,1.3106103210824908e-05
{,f,35,0.00045871361237887176
(,h,1,1.3106103210824908e-05
(,{,3,3.931830963247472e-05
"""",#,13,0.0001703793417407238
é,p,6,7.863661926494944e-05
{,l,2,2.6212206421649816e-05
p,},3,3.931830963247472e-05
 ,é,15,0.00019659154816237362
v,é,4,5.242441284329963e-05
',#,2,2.6212206421649816e-05
#,{,1,1.3106103210824908e-05
l,},2,2.6212206421649816e-05
f,],2,2.6212206421649816e-05
[,r,5,6.553051605412454e-05
[,",",1,1.3106103210824908e-05
[,(,3,3.931830963247472e-05
h,],5,6.553051605412454e-05
a,],1,1.3106103210824908e-05
#,(,1,1.3106103210824908e-05
_,q,27,0.0003538647866922725
},(,1,1.3106103210824908e-05
[,[,1,1.3106103210824908e-05
{,',33,0.00043250140595722195
',},5,6.553051605412454e-05
*,?,4,5.242441284329963e-05
r,[,40,0.0005242441284329963
_,w,51,0.0006684112637520703
_,k,33,0.00043250140595722195
',b,49,0.0006421990573304204
[,5,7,9.174272247577435e-05
5,:,8,0.00010484882568659926
],},19,0.00024901596100567326
r,},13,0.0001703793417407238
',*,3,3.931830963247472e-05
*,.,42,0.0005504563348546461
},/,18,0.00023590985779484833
/,{,16,0.00020969765137319852
x,},25,0.0003276525802706227
s,},19,0.00024901596100567326
6,*,2,2.6212206421649816e-05
\\,t,2,2.6212206421649816e-05
{,i,12,0.0001572732385298989
i,},10,0.00013106103210824908
:,.,5,6.553051605412454e-05
=,#,3,3.931830963247472e-05
),#,3,3.931830963247472e-05
2,\\,2,2.6212206421649816e-05
',x,3,3.931830963247472e-05
},*,2,2.6212206421649816e-05
l,#,2,2.6212206421649816e-05
-,q,1,1.3106103210824908e-05
s,#,3,3.931830963247472e-05
f,é,2,2.6212206421649816e-05
@,i,37,0.00048492581880052156
:,8,2,2.6212206421649816e-05
8,],2,2.6212206421649816e-05
#,f,1,1.3106103210824908e-05
/,q,3,3.931830963247472e-05
v,"
",3,3.931830963247472e-05
{,x,2,2.6212206421649816e-05
x,[,10,0.00013106103210824908
@,l,4,5.242441284329963e-05
@,r,2,2.6212206421649816e-05
@,n,3,3.931830963247472e-05
k,",",13,0.0001703793417407238
',@,7,9.174272247577435e-05
0,_,3,3.931830963247472e-05
g,],1,1.3106103210824908e-05
"
",g,9,0.00011795492889742416
9,x,63,0.0008256845022819692
9,a,30,0.00039318309632474724
9,e,39,0.0005111380252221714
 ,9,73,0.0009567455343902182
g,f,71,0.0009305333279685684
/,l,13,0.0001703793417407238
",",k,8,0.00010484882568659926
1,k,45,0.0005897746444871208
5,k,39,0.0005111380252221714
b,x,19,0.00024901596100567326
0,h,9,0.00011795492889742416
 ,d,13,0.0001703793417407238
ã,,5,6.553051605412454e-05
,l,5,6.553051605412454e-05
h,n,6,7.863661926494944e-05
h,x,1,1.3106103210824908e-05
l,â,2,2.6212206421649816e-05
â,,16,0.00020969765137319852
,a,4,5.242441284329963e-05
i,(,19,0.00024901596100567326
l,n,75,0.000982957740811868
w,x,1,1.3106103210824908e-05
i,6,13,0.0001703793417407238
9,j,74,0.0009698516376010431
9,w,47,0.0006159868509087706
5,z,65,0.000851896708703619
z,j,5,6.553051605412454e-05
a,h,59,0.0007732600894386696
*,l,3,3.931830963247472e-05
",",x,32,0.00041939530274639705
5,=,2,2.6212206421649816e-05
",",",",2,2.6212206421649816e-05
b,-,6,7.863661926494944e-05
d,z,188,0.0024639474036350826
1,h,52,0.0006815173669628952
1,l,45,0.0005897746444871208
1,n,39,0.0005111380252221714
1,q,32,0.00041939530274639705
5,g,34,0.00044560750916804685
5,l,39,0.0005111380252221714
5,m,39,0.0005111380252221714
5,n,41,0.0005373502316438212
5,o,32,0.00041939530274639705
d,8,38,0.0004980319220113465
4,f,59,0.0007732600894386696
u,h,4,5.242441284329963e-05
m,9,21,0.00027522816742732307
x,r,75,0.000982957740811868
0,z,8,0.00010484882568659926
z,.,20,0.00026212206421649816
j,(,27,0.0003538647866922725
>,2,1,1.3106103210824908e-05
0,%,10,0.00013106103210824908
%,"""",14,0.0001834854449515487
=,3,3,3.931830963247472e-05
=,7,1,1.3106103210824908e-05
=,8,3,3.931830963247472e-05
=,9,2,2.6212206421649816e-05
z,a,70,0.0009174272247577435
m,7,33,0.00043250140595722195
},s,2,2.6212206421649816e-05
v,z,77,0.0010091699472335178
:,0,2,2.6212206421649816e-05
/,z,7,9.174272247577435e-05
z,8,25,0.0003276525802706227
4,/,2,2.6212206421649816e-05
q,g,1,1.3106103210824908e-05
n,|,3,3.931830963247472e-05
|,$,3,3.931830963247472e-05
$,),3,3.931830963247472e-05
r,q,7,9.174272247577435e-05
é,l,7,9.174272247577435e-05
],{,10,0.00013106103210824908
},[,8,0.00010484882568659926
[,a,16,0.00020969765137319852
-,z,26,0.0003407586834814476
z,],8,0.00010484882568659926
?,e,5,6.553051605412454e-05
#,\\,4,5.242441284329963e-05
-,+,7,9.174272247577435e-05
c,\\,3,3.931830963247472e-05
?,<,5,6.553051605412454e-05
g,h,10,0.00013106103210824908
r,ê,1,1.3106103210824908e-05
(,k,17,0.00022280375458402343
u,j,53,0.0006946234701737201
c,è,4,5.242441284329963e-05
{,2,3,3.931830963247472e-05
{,5,2,2.6212206421649816e-05
5,},4,5.242441284329963e-05
a,\\,2,2.6212206421649816e-05
x,\\,2,2.6212206421649816e-05
w,],2,2.6212206421649816e-05
^,l,1,1.3106103210824908e-05
h,[,6,7.863661926494944e-05
^,",",11,0.00014416713531907398
|,(,1,1.3106103210824908e-05
w,w,20,0.00026212206421649816
.,3,6,7.863661926494944e-05
0,?,5,6.553051605412454e-05
?,t,5,6.553051605412454e-05
+,.,1,1.3106103210824908e-05
w,",",3,3.931830963247472e-05
=,.,2,2.6212206421649816e-05
|,d,2,2.6212206421649816e-05
*,m,1,1.3106103210824908e-05
y,|,2,2.6212206421649816e-05
d,|,3,3.931830963247472e-05
r,|,1,1.3106103210824908e-05
+,;,2,2.6212206421649816e-05
;,(,1,1.3106103210824908e-05
^,*,1,1.3106103210824908e-05
|,u,1,1.3106103210824908e-05
_,6,103,0.0013499286307149655
6,z,3,3.931830963247472e-05
z,4,2,2.6212206421649816e-05
j,w,16,0.00020969765137319852
t,z,10,0.00013106103210824908
4,u,1,1.3106103210824908e-05
w,g,1,1.3106103210824908e-05
+,",",1,1.3106103210824908e-05
",",.,1,1.3106103210824908e-05
 ,ç,4,5.242441284329963e-05
ç,a,4,5.242441284329963e-05
?,.,1,1.3106103210824908e-05
m,|,2,2.6212206421649816e-05
|,f,2,2.6212206421649816e-05
h,è,1,1.3106103210824908e-05
>,#,1,1.3106103210824908e-05
#,',1,1.3106103210824908e-05
/,4,2,2.6212206421649816e-05
4,n,1,1.3106103210824908e-05
y,z,22,0.00028833427063814797
z,g,1,1.3106103210824908e-05
g,7,5,6.553051605412454e-05
q,v,1,1.3106103210824908e-05
3,d,41,0.0005373502316438212
w,"
",2,2.6212206421649816e-05
*,v,1,1.3106103210824908e-05
/,_,1,1.3106103210824908e-05
8,k,1,1.3106103210824908e-05
k,b,33,0.00043250140595722195
w,7,1,1.3106103210824908e-05
z,5,1,1.3106103210824908e-05
c,q,1,1.3106103210824908e-05
k,é,1,1.3106103210824908e-05
é,),1,1.3106103210824908e-05
s,é,10,0.00013106103210824908
/,$,1,1.3106103210824908e-05
$,z,1,1.3106103210824908e-05
m,@,1,1.3106103210824908e-05
@,j,1,1.3106103210824908e-05
q,4,9,0.00011795492889742416
n,z,7,9.174272247577435e-05
o,z,73,0.0009567455343902182
z,r,12,0.0001572732385298989
m,x,32,0.00041939530274639705
x,_,29,0.0003800769931139223
0,o,8,0.00010484882568659926
0,i,3,3.931830963247472e-05
0,k,5,6.553051605412454e-05
n,â,32,0.00041939530274639705
â,¢,36,0.00047181971558969666
¢, ,31,0.00040628919953557215
a,4,73,0.0009567455343902182
:,1,17,0.00022280375458402343
9,t,15,0.00019659154816237362
 ,ã,7,9.174272247577435e-05
ã,,3,3.931830963247472e-05
,c,1,1.3106103210824908e-05
,d,1,1.3106103210824908e-05
ã,ª,5,6.553051605412454e-05
ª,t,4,5.242441284329963e-05
t,â,3,3.931830963247472e-05
¢,6,1,1.3106103210824908e-05
{,g,11,0.00014416713531907398
x,4,10,0.00013106103210824908
6,8,78,0.0010222760504443428
,v,1,1.3106103210824908e-05
",",g,1,1.3106103210824908e-05
c,8,38,0.0004980319220113465
8,h,7,9.174272247577435e-05
b,g,8,0.00010484882568659926
5,t,12,0.0001572732385298989
4,b,26,0.0003407586834814476
6,-,1,1.3106103210824908e-05
o,"
",11,0.00014416713531907398
b,"
",9,0.00011795492889742416
_,@,116,0.0015203079724556891
s,?,5,6.553051605412454e-05
?,h,4,5.242441284329963e-05
r,#,4,5.242441284329963e-05
#,l,4,5.242441284329963e-05
b,",",9,0.00011795492889742416
"""",;,10,0.00013106103210824908
b,],4,5.242441284329963e-05
b,',24,0.0003145464770597978
3,_,12,0.0001572732385298989
-,"""",5,6.553051605412454e-05
.,z,33,0.00043250140595722195
è,t,6,7.863661926494944e-05
h,',10,0.00013106103210824908
q,',10,0.00013106103210824908
6,',8,0.00010484882568659926
i,',29,0.0003800769931139223
2,x,38,0.0004980319220113465
2,y,25,0.0003276525802706227
#,w,2,2.6212206421649816e-05
w,m,2,2.6212206421649816e-05
h,},4,5.242441284329963e-05
{,o,2,2.6212206421649816e-05
é,j,2,2.6212206421649816e-05
j,à,2,2.6212206421649816e-05
+,/,2,2.6212206421649816e-05
/,-,2,2.6212206421649816e-05
',ê,2,2.6212206421649816e-05
m,é,10,0.00013106103210824908
é,.,6,7.863661926494944e-05
4,x,2,2.6212206421649816e-05
é,é,6,7.863661926494944e-05
{,7,12,0.0001572732385298989
7,},12,0.0001572732385298989
{,4,6,7.863661926494944e-05
4,},6,7.863661926494944e-05
},$,4,5.242441284329963e-05
{,k,4,5.242441284329963e-05
n,},5,6.553051605412454e-05
[,+,8,0.00010484882568659926
#,g,2,2.6212206421649816e-05
9,"
",4,5.242441284329963e-05
(,g,34,0.00044560750916804685
5,"
",3,3.931830963247472e-05
),x,2,2.6212206421649816e-05
j,',4,5.242441284329963e-05
[,g,10,0.00013106103210824908
(,z,9,0.00011795492889742416
a,8,42,0.0005504563348546461
k,6,17,0.00022280375458402343
k,9,124,0.0016251567981422886
g,v,10,0.00013106103210824908
*,e,10,0.00013106103210824908
&,&,7,9.174272247577435e-05
8,v,2,2.6212206421649816e-05
b,9,16,0.00020969765137319852
p,-,13,0.0001703793417407238
v,j,69,0.0009043211215469186
 ,/,8,0.00010484882568659926
a,7,44,0.0005766685412762959
x,9,15,0.00019659154816237362
#,j,1,1.3106103210824908e-05
0,=,1,1.3106103210824908e-05
8,-,1,1.3106103210824908e-05
u,*,1,1.3106103210824908e-05
%,",",1,1.3106103210824908e-05
b,7,17,0.00022280375458402343
v,8,6,7.863661926494944e-05
.,2,6,7.863661926494944e-05
0,u,18,0.00023590985779484833
e,9,30,0.00039318309632474724
p,z,18,0.00023590985779484833
z,s,6,7.863661926494944e-05
ã, ,3,3.931830963247472e-05
 , ,3,3.931830963247472e-05
t,ã,5,6.553051605412454e-05
ã,¨,7,9.174272247577435e-05
¨,r,3,3.931830963247472e-05
*,p,3,3.931830963247472e-05
x,h,34,0.00044560750916804685
&,3,1,1.3106103210824908e-05
6,/,3,3.931830963247472e-05
z,(,16,0.00020969765137319852
3,i,4,5.242441284329963e-05
l,9,13,0.0001703793417407238
u,/,3,3.931830963247472e-05
z,p,2,2.6212206421649816e-05
&,a,1,1.3106103210824908e-05
c,9,54,0.000707729573384545
9,k,11,0.00014416713531907398
y,{,3,3.931830963247472e-05
g,5,14,0.0001834854449515487
j,n,45,0.0005897746444871208
"
",w,6,7.863661926494944e-05
{,{,2,2.6212206421649816e-05
=,b,10,0.00013106103210824908
[,@,2,2.6212206421649816e-05
[,"
",3,3.931830963247472e-05
"
",x,1,1.3106103210824908e-05
/,@,1,1.3106103210824908e-05
),/,3556,0.04660530301769337
c,g,32,0.00041939530274639705
u,9,25,0.0003276525802706227
w,j,28,0.0003669708899030974
7,s,6,7.863661926494944e-05
8,@,4,5.242441284329963e-05
5,',23,0.00030144037384897287
',5,16,0.00020969765137319852
&, ,1,1.3106103210824908e-05
",",%,2,2.6212206421649816e-05
g,â,1,1.3106103210824908e-05
,"""",2,2.6212206421649816e-05
q,x,11,0.00014416713531907398
j,*,6,7.863661926494944e-05
x,*,2,2.6212206421649816e-05
l,*,3,3.931830963247472e-05
m,*,3,3.931830963247472e-05
n,q,11,0.00014416713531907398
q,f,5,6.553051605412454e-05
f,*,4,5.242441284329963e-05
&,e,1,1.3106103210824908e-05
v,0,8,0.00010484882568659926
d,â,12,0.0001572732385298989
,e,9,0.00011795492889742416
y,j,20,0.00026212206421649816
s,9,13,0.0001703793417407238
j,x,8,0.00010484882568659926
s,%,1,1.3106103210824908e-05
z,"
",1,1.3106103210824908e-05
_,0,91,0.0011926553921850665
\\,"
",3334,0.04369574810489024
',8,23,0.00030144037384897287
9,;,3,3.931830963247472e-05
6,;,6,7.863661926494944e-05
;,x,4,5.242441284329963e-05
x,;,4,5.242441284329963e-05
',4,34,0.00044560750916804685
1,x,57,0.0007470478830170197
',3,23,0.00030144037384897287
',1,53,0.0006946234701737201
',2,29,0.0003800769931139223
;,0,3,3.931830963247472e-05
_,3,100,0.0013106103210824907
"""",3,103,0.0013499286307149655
8,x,1,1.3106103210824908e-05
4,',34,0.00044560750916804685
f,h,1,1.3106103210824908e-05
0,;,1,1.3106103210824908e-05
_,4,99,0.001297504217871666
"""",4,99,0.001297504217871666
',q,7,9.174272247577435e-05
x,6,26,0.0003407586834814476
9,i,5,6.553051605412454e-05
_,5,100,0.0013106103210824907
"""",5,100,0.0013106103210824907
',6,4,5.242441284329963e-05
"""",6,100,0.0013106103210824907
5,x,23,0.00030144037384897287
7,:,1,1.3106103210824908e-05
_,7,100,0.0013106103210824907
"""",7,101,0.0013237164242933157
',h,4,5.242441284329963e-05
_,8,97,0.001271292011450016
d,k,1,1.3106103210824908e-05
_,9,5,6.553051605412454e-05
q,r,1,1.3106103210824908e-05
f,x,20,0.00026212206421649816
é,d,1,1.3106103210824908e-05
è,l,1,1.3106103210824908e-05
b,`,1,1.3106103210824908e-05
"""",=,7,9.174272247577435e-05
=,k,1,1.3106103210824908e-05
_,"
",2,2.6212206421649816e-05
#,o,1,1.3106103210824908e-05
e,?,1,1.3106103210824908e-05
b,[,1,1.3106103210824908e-05
u,"
",1,1.3106103210824908e-05
g,[,5,6.553051605412454e-05
@,(,17,0.00022280375458402343
(,#,16,0.00020969765137319852
#,),16,0.00020969765137319852
m,è,4,5.242441284329963e-05
$,f,1,1.3106103210824908e-05
},:,1,1.3106103210824908e-05
},{,2,2.6212206421649816e-05
%,0,1,1.3106103210824908e-05
%,j,1,1.3106103210824908e-05
%,c,2,2.6212206421649816e-05
c,%,2,2.6212206421649816e-05
d,%,17,0.00022280375458402343
%,h,4,5.242441284329963e-05
h,%,2,2.6212206421649816e-05
1,y,24,0.0003145464770597978
4,@,2,2.6212206421649816e-05
f,{,6,7.863661926494944e-05
l,w,22,0.00028833427063814797
t,;,1,1.3106103210824908e-05
`,@,1,1.3106103210824908e-05
t,`,1,1.3106103210824908e-05
 ,ê,1,1.3106103210824908e-05
a,$,6,7.863661926494944e-05
x,#,4,5.242441284329963e-05
#,m,2,2.6212206421649816e-05
g,8,5,6.553051605412454e-05
l,6,1,1.3106103210824908e-05
o,8,7,9.174272247577435e-05
k,z,17,0.00022280375458402343
x,n,2,2.6212206421649816e-05
g,x,3,3.931830963247472e-05
z,v,6,7.863661926494944e-05
},g,2,2.6212206421649816e-05
"
",n,1,1.3106103210824908e-05
*,_,3,3.931830963247472e-05
d,?,1,1.3106103210824908e-05
?,_,1,1.3106103210824908e-05
_,[,1,1.3106103210824908e-05
2,/,2,2.6212206421649816e-05
l,k,21,0.00027522816742732307
6,f,5,6.553051605412454e-05
v,g,3,3.931830963247472e-05
u,y,2,2.6212206421649816e-05
i,8,155,0.0020314459976778607
4,_,3,3.931830963247472e-05
z,0,7,9.174272247577435e-05
),_,1,1.3106103210824908e-05
[,v,1,1.3106103210824908e-05
(,@,1,1.3106103210824908e-05
o,:,1,1.3106103210824908e-05
:,l,1,1.3106103210824908e-05
o,[,1,1.3106103210824908e-05
%,%,4,5.242441284329963e-05
z,3,3,3.931830963247472e-05
q,n,5,6.553051605412454e-05
u,(,16,0.00020969765137319852
d,9,2,2.6212206421649816e-05
@,1,2,2.6212206421649816e-05
.,-,1,1.3106103210824908e-05
¢,s,2,2.6212206421649816e-05
m,â,1,1.3106103210824908e-05
g,9,11,0.00014416713531907398
/,h,2,2.6212206421649816e-05
q,),6,7.863661926494944e-05
"""",â,1,1.3106103210824908e-05
@,4,4,5.242441284329963e-05
k,3,5,6.553051605412454e-05
w,4,9,0.00011795492889742416
2,o,1,1.3106103210824908e-05
g,k,10,0.00013106103210824908
$,1,1,1.3106103210824908e-05
',&,3,3.931830963247472e-05
1,&,1,1.3106103210824908e-05
9,l,9,0.00011795492889742416
$,v,3,3.931830963247472e-05
v,k,3,3.931830963247472e-05
/,9,1,1.3106103210824908e-05
9,r,8,0.00010484882568659926
0,v,5,6.553051605412454e-05
3,-,2,2.6212206421649816e-05
v,h,1,1.3106103210824908e-05
d,h,10,0.00013106103210824908
|,|,4,5.242441284329963e-05
h,g,5,6.553051605412454e-05
9,b,7,9.174272247577435e-05
3,m,2,2.6212206421649816e-05
4,m,2,2.6212206421649816e-05
\\,-,9,0.00011795492889742416
],w,3,3.931830963247472e-05
9,_,6,7.863661926494944e-05
_,\\,6,7.863661926494944e-05
[,p,6,7.863661926494944e-05
y,],6,7.863661926494944e-05
+,$,2,2.6212206421649816e-05
	,v,2,2.6212206421649816e-05
1,+,2,2.6212206421649816e-05
2,+,2,2.6212206421649816e-05
9,q,2,2.6212206421649816e-05
q,p,6,7.863661926494944e-05
¨,g,4,5.242441284329963e-05
*,g,3,3.931830963247472e-05
$,0,5,6.553051605412454e-05
m,{,3,3.931830963247472e-05
"
",v,1,1.3106103210824908e-05
a,},1,1.3106103210824908e-05
y,},3,3.931830963247472e-05
k,},4,5.242441284329963e-05
6,p,4,5.242441284329963e-05
h,{,1,1.3106103210824908e-05
{,v,1,1.3106103210824908e-05
g,*,1,1.3106103210824908e-05
`,l,1,1.3106103210824908e-05
r,`,1,1.3106103210824908e-05
-,h,3,3.931830963247472e-05
-,%,3,3.931830963247472e-05
%,(,6,7.863661926494944e-05
:,%,2,2.6212206421649816e-05
{,:,9,0.00011795492889742416
0,},8,0.00010484882568659926
"""",>,3,3.931830963247472e-05
>,{,3,3.931830963247472e-05
-,{,2,2.6212206421649816e-05
1,},1,1.3106103210824908e-05
6,h,1,1.3106103210824908e-05
n,8,2,2.6212206421649816e-05
o,9,11,0.00014416713531907398
c,x,2,2.6212206421649816e-05
7,i,1,1.3106103210824908e-05
6,t,2,2.6212206421649816e-05
_,*,2,2.6212206421649816e-05
4,i,4,5.242441284329963e-05
n,%,1,1.3106103210824908e-05
3,l,2,2.6212206421649816e-05
{,",",1,1.3106103210824908e-05
t,è,2,2.6212206421649816e-05
è,r,2,2.6212206421649816e-05
;,?,1,1.3106103210824908e-05
?,$,1,1.3106103210824908e-05
",",q,2,2.6212206421649816e-05
=,h,1,1.3106103210824908e-05
w,y,4,5.242441284329963e-05
+,2,2,2.6212206421649816e-05
5,-,1,1.3106103210824908e-05
p,q,1,1.3106103210824908e-05
7,t,10,0.00013106103210824908
i,;,1,1.3106103210824908e-05
f,q,6,7.863661926494944e-05
z,6,3,3.931830963247472e-05
¢,t,2,2.6212206421649816e-05
é,",",1,1.3106103210824908e-05
+,x,1,1.3106103210824908e-05
(,à,1,1.3106103210824908e-05
n,<,1,1.3106103210824908e-05
",",-,1,1.3106103210824908e-05
+,g,1,1.3106103210824908e-05
2,*,1,1.3106103210824908e-05
v,*,1,1.3106103210824908e-05
c,â,1,1.3106103210824908e-05
c,{,1,1.3106103210824908e-05
{,j,1,1.3106103210824908e-05
j,@,1,1.3106103210824908e-05
w,p,1,1.3106103210824908e-05
n,*,1,1.3106103210824908e-05
r,*,2,2.6212206421649816e-05
@,3,2,2.6212206421649816e-05
"
",_,6,7.863661926494944e-05
e,@,1,1.3106103210824908e-05
@,m,1,1.3106103210824908e-05
4,l,4,5.242441284329963e-05
,u,1,1.3106103210824908e-05
i,9,1,1.3106103210824908e-05
4,p,1,1.3106103210824908e-05
y,h,2,2.6212206421649816e-05
`,r,1,1.3106103210824908e-05
u,`,1,1.3106103210824908e-05
i,_,4,5.242441284329963e-05
4,-,1,1.3106103210824908e-05
©,c,2,2.6212206421649816e-05
x,ã,1,1.3106103210824908e-05
',ã,1,1.3106103210824908e-05
©,t,1,1.3106103210824908e-05
m,ã,1,1.3106103210824908e-05
ª,m,1,1.3106103210824908e-05
>,b,1,1.3106103210824908e-05
k,x,18,0.00023590985779484833
y,7,2,2.6212206421649816e-05
',k,1,1.3106103210824908e-05
/,),1,1.3106103210824908e-05
=,),2,2.6212206421649816e-05
9,d,2,2.6212206421649816e-05
8,:,1,1.3106103210824908e-05
r,$,2,2.6212206421649816e-05
