É,S,I,0.0285966745195504
S,I,E,0.0290218501041809
I,E,.,0.0306787076086513
E,.,RET,0.1147509345631236
.,RET,I,0.0178211727399709
I,N,S,0.0884535226612473
N,S,T,0.0438156600868558
S,T,I,0.0641078583275588
T,I,T,0.0541827077172403
I,T,U,0.0507889647012487
T,U,É,0.0207027215976274
U,É,E,0.0171625122291085
É,E,SPACE,0.141191326854956
E,SPACE,P,0.3269112770293957
SPACE,P,A,0.3396572238127728
P,A,R,0.2976053675794326
A,R,SPACE,0.1455487800690642
R,SPACE,L,0.2103111418505154
SPACE,L,A,0.5859326313980086
L,A,SPACE,0.5810285158715849
A,SPACE,R,0.0581918070138639
SPACE,R,É,0.1135021024530935
R,É,F,0.0120859627252282
F,O,R,0.0685757811363058
O,R,M,0.045836045698827
R,M,E,0.0416134638173565
M,E,SPACE,0.147590771192373
E,SPACE,É,0.0393443258815818
SPACE,É,L,0.0249460328394149
É,L,E,0.0217205667439099
L,E,C,0.0258327349552749
E,C,T,0.0759170132548136
C,T,O,0.0143304006588266
T,O,R,0.032840004402849
O,R,A,0.024200875717158
R,A,L,0.0437345508721624
A,L,E,0.1422023678496955
L,E,SPACE,0.7386293870402515
E,SPACE,D,0.7319922075120772
SPACE,D,E,1.389996276203438
D,E,SPACE,1.090248495680528
E,SPACE,",",0.0232618468797066
SPACE,",",SPACE,0.0477702888881141
",",SPACE,E,0.1115915339828734
SPACE,E,L,0.0542173809278424
E,L,L,0.1651099328113952
L,L,E,0.272382471017511
E,SPACE,C,0.2912981055142884
SPACE,C,O,0.4402366765989961
C,O,M,0.181400935756171
O,M,P,0.0619536825905923
M,P,T,0.0121609015997553
P,T,E,0.0170116091969451
T,E,SPACE,0.2587786418943981
E,SPACE,À,0.0996496328552436
SPACE,À,SPACE,0.3380173860079152
À,SPACE,P,0.0272065770385834
SPACE,P,O,0.2321643243042229
P,O,U,0.1380791638637733
O,U,R,0.2470323461424929
V,O,I,0.0428014873182554
O,I,R,0.0706929721152967
R,.,SPACE,0.0173842343618512
.,SPACE,E,0.049052246963327
E,SPACE,A,0.1847702397511415
SPACE,A,SPACE,0.0807373538304599
A,SPACE,S,0.0735746141805087
SPACE,S,O,0.2387538374885749
S,O,N,0.1940794002694515
O,N,SPACE,0.4383599797544018
N,SPACE,B,0.022821049708794
SPACE,B,U,0.0188365012822581
U,R,E,0.0955015797350565
E,A,U,0.0676619929048518
A,U,SPACE,0.1676617319796213
U,SPACE,C,0.0651310163044981
SPACE,C,E,0.1595403526225662
C,E,N,0.0392451530426554
E,N,T,0.5908922054198845
N,T,R,0.1117863004905996
T,R,A,0.1128994596830157
A,L,I,0.0812068962114522
L,I,S,0.0775364013220204
I,S,A,0.0384884941080643
S,A,T,0.0234946420700286
A,T,E,0.0425619066179015
T,E,U,0.0578805497034213
E,U,R,0.2135084965473172
U,R,SPACE,0.3188647433393125
R,SPACE,À,0.0161794707840057
À,SPACE,L,0.1228718292408907
SPACE,L,E,0.6843627552401452
N,I,C,0.0169540628522522
I,C,A,0.0505738230219159
.,RET,C,0.0266126398541782
M,P,O,0.040156648368247
P,O,S,0.0614179628452787
O,S,I,0.0183150982174512
S,I,T,0.0638103584522906
I,T,I,0.0730398265107489
T,I,O,0.3357847667923392
I,O,N,0.4446171893623059
N,SPACE,T,0.0380431297669381
SPACE,T,E,0.0783596663756874
T,E,R,0.1162439145437213
E,R,R,0.0630817922748917
R,R,I,0.0337506795019532
R,I,T,0.0648632496393967
I,T,O,0.0129698872559378
O,R,I,0.0569309138461674
R,I,A,0.0222431628654257
I,A,L,0.0351327797746685
L,E,.,0.0273573122971471
.,RET,L,0.0947404654793182
RET,L,A,0.0323977904770946
A,SPACE,C,0.1165073750197641
SPACE,C,I,0.0339093746857466
C,O,N,0.2114918392375613
O,N,S,0.1697940785071173
S,C,R,0.015129860502849
C,R,I,0.0383164888853624
R,I,P,0.0102977198506914
P,T,I,0.0217438686327554
N,SPACE,S,0.0619206871159871
SPACE,S,E,0.1992386807994889
S,E,SPACE,0.1829490759680438
O,S,E,0.0217368221415685
E,SPACE,E,0.2710906329414276
SPACE,E,T,0.4016463811989435
E,T,SPACE,0.4427628250479811
T,SPACE,D,0.3379889949865458
D,E,U,0.0448350524785576
E,U,X,0.0758257816996057
U,X,SPACE,0.1364742229676507
SPACE,V,I,0.0934064975882022
V,I,L,0.0400032473735993
I,L,L,0.1430863110219162
D,I,S,0.0452766139514242
I,S,T,0.1245517835775847
S,T,R,0.0721910971529516
T,R,I,0.0533958868177277
R,I,C,0.0498375392589314
I,C,T,0.0167046580755611
T,S,SPACE,0.1173056790900998
S,SPACE,:,0.0139787658353925
SPACE,:,RET,0.0146437271769987
:,RET,L,0.0185165011031206
L,O,R,0.05481239931989
O,R,S,0.0505922781178816
R,S,SPACE,0.1717652318883358
S,SPACE,D,0.4450652380810271
D,E,S,0.3067278892888457
E,S,SPACE,1.1666812636222923
S,SPACE,É,0.0488657200034966
C,T,I,0.0845342008819676
N,S,SPACE,0.3095200334593798
S,SPACE,P,0.1932270544585053
A,R,L,0.0162212464103279
R,L,E,0.0116106974003354
L,E,M,0.0738300588067886
E,M,E,0.1876021649063127
M,E,N,0.2657160243169467
N,T,A,0.0556249455046881
T,A,I,0.0886003059194628
A,I,R,0.0989575853980433
I,R,E,0.166985045127548
R,E,S,0.1880422536998043
SPACE,D,U,0.2553817484630344
D,U,SPACE,0.2397510837651179
A,I,T,0.1179688694881538
I,T,SPACE,0.1864362688790614
T,SPACE,I,0.0325854732106118
SPACE,I,N,0.1054201126089429
I,T,S,0.0184473970215604
T,S,.,0.0135501229297018
S,.,RET,0.0758291371715994
.,RET,RET,0.0364492619283949
G,A,R,0.0197353576633399
A,R,E,0.0264764636157651
R,E,SPACE,0.4417249402772915
SPACE,D,O,0.0820632313057688
D,O,N,0.0541410066569624
E,N,A,0.0249868204656501
A,SPACE,G,0.0244265125672267
SPACE,G,A,0.0357867053417175
SPACE,E,S,0.2437281569457123
E,S,T,0.3222455118635949
S,T,SPACE,0.2607297742927204
T,SPACE,U,0.1029336892200617
SPACE,U,N,0.294399270013936
U,N,E,0.2121905230727048
N,E,SPACE,0.3704165745983406
SPACE,A,N,0.086251084052104
A,N,C,0.1058240555124574
N,C,I,0.0391820328861507
C,I,E,0.0443591347007771
I,E,N,0.153464413068369
E,N,N,0.0491221712713746
N,N,E,0.1054210819675188
E,SPACE,G,0.0706196550522333
E,SPACE,F,0.1250935618139981
SPACE,F,E,0.0301546760907826
F,E,R,0.0171197299611882
R,O,V,0.0161157540991466
O,V,I,0.017195563628247
SPACE,F,R,0.0722872687085947
F,R,A,0.0605336468428365
R,A,N,0.1426684242681166
A,N,Ç,0.0242701848553401
N,Ç,A,0.0216092955642949
Ç,A,I,0.0199964879504981
A,I,S,0.1332650681943376
I,S,E,0.0797654600089808
E,SPACE,L,0.5177112813117982
A,SPACE,L,0.0398211384518939
SPACE,L,I,0.0747536711145798
L,I,G,0.0247717160693395
I,G,N,0.0493418055548767
G,N,E,0.0521258779511148
S,SPACE,A,0.1694090194543232
SPACE,A,U,0.2352343015558397
B,R,A,0.0117374037511216
R,A,I,0.0659255175065742
I,S,SPACE,0.1813162287298399
SPACE,O,R,0.0282362595443993
A,N,S,0.2100436920911023
S,SPACE,À,0.0449686934714643
À,SPACE,M,0.0109646758339828
SPACE,M,O,0.1330132027381843
M,O,N,0.0654400739166337
O,N,T,0.2040039357099045
B,A,N,0.0174118610812664
B,O,U,0.0249534894438455
B,O,N,0.0121073631799439
O,N,",",0.029768759528479
N,",",SPACE,0.0601760840188801
",",SPACE,S,0.0564452838411161
SPACE,S,I,0.0732144601865126
E,SPACE,S,0.2953842501761907
SPACE,S,U,0.1773219680760331
S,U,R,0.1097735951811919
E,SPACE,T,0.1269584772235921
T,O,I,0.037321349099571
O,M,M,0.1312061878619936
M,M,U,0.0389272220712474
M,U,N,0.0462755379639642
",",SPACE,D,0.0858489120921417
SPACE,D,A,0.1693860717541882
D,A,N,0.1912591260587031
S,SPACE,L,0.2290302388960144
SPACE,D,É,0.1517954945062323
D,É,P,0.0298936390111798
É,P,A,0.0253568171774944
A,R,T,0.1335704347872801
R,T,E,0.057795805394068
T,E,M,0.0467670586865156
N,T,SPACE,0.6251915605173494
C,O,R,0.0414139437243058
SPACE,E,N,0.4001227732156473
E,N,SPACE,0.3953384853224227
N,SPACE,R,0.0399001784588579
R,É,G,0.0267556202441342
É,G,I,0.0252065293151965
G,I,O,0.0185611848051707
N,SPACE,N,0.0237004070692899
SPACE,N,O,0.128759191269039
N,O,U,0.0313802435949894
O,U,V,0.0952800813004467
U,V,E,0.0840449917067897
V,E,L,0.0269290981462112
A,Q,U,0.0202668085026169
Q,U,I,0.1312493616016465
U,I,T,0.0595083823751457
I,T,A,0.0579201256314365
A,I,N,0.1312468263561401
I,N,E,0.1126933404950439
N,E,.,0.0220100694109264
M,I,S,0.0342733874725354
S,E,R,0.0654751758819905
E,R,V,0.0340048378639688
R,V,I,0.0182091957930262
V,I,C,0.0217001729307923
I,C,E,0.0342185627884598
C,E,SPACE,0.1778189694028409
N,SPACE,1,0.0803517168908224
SPACE,1,8,0.0269551030541627
T,SPACE,F,0.0306099017912683
E,R,M,0.0395145601607315
R,M,É,0.0161987461064587
M,É,E,0.0154367556996998
U,SPACE,T,0.0261992084215258
SPACE,T,R,0.1227011662069863
F,I,C,0.0308848640796452
C,O,U,0.0726366665506997
U,R,S,0.1031788250907164
SPACE,.,SPACE,0.0196888843762264
.,SPACE,RET,0.0209750181499204
U,A,T,0.0178831184812778
A,T,I,0.236802350901542
N,SPACE,F,0.0397556694649936
R,E,.,0.0352984655251156
É,T,A,0.0775605420788643
T,A,B,0.018719600366298
A,B,L,0.0370930278719073
B,L,I,0.0389909201145954
L,I,E,0.0630103207214247
I,E,SPACE,0.1286173666527698
À,SPACE,D,0.0190585403206891
SPACE,D,SQT,0.2091211609909535
D,SQT,A,0.0703082672512131
SQT,A,L,0.0145265839213946
T,U,D,0.0199447018327278
U,D,E,0.017597698305187
E,",",SPACE,0.2218841833984765
",",SPACE,L,0.1537099590522674
T,SPACE,S,0.0993093879950771
U,SPACE,P,0.0570683763488447
P,O,I,0.0157972825239174
O,I,N,0.03831298428128
I,N,T,0.1094424100954086
M,É,T,0.0138070775183788
É,T,R,0.0160035322024666
R,I,Q,0.0221364961390465
I,Q,U,0.179877868376696
Q,U,E,0.3536197528920178
U,E,SPACE,0.2518719993236143
E,SPACE,(,0.0348612475243297
T,R,E,0.1970521061162716
E,SPACE,O,0.036545918163326
SPACE,O,U,0.0553495171785343
V,E,R,0.093917647821917
E,R,T,0.0543408436557014
A,L,L,0.0576969308193187
L,L,A,0.035226341518761
L,A,S,0.0229486881351341
A,S,S,0.0798695169238092
S,S,A,0.0406011924828858
T,SPACE,L,0.2249271677420547
D,SQT,U,0.0515831676391476
U,S,S,0.0364889869884987
H,I,S,0.0284121608429162
S,T,O,0.0348939260932466
T,SPACE,M,0.0411750341183506
SPACE,M,I,0.0670231296787526
M,P,A,0.0185431398224488
P,A,G,0.0211390261643706
A,G,N,0.0318938731496774
N,I,E,0.0418403496486673
SPACE,C,H,0.1350403552186763
C,H,E,0.1051802336444118
E,M,I,0.0553146948358436
M,I,N,0.0588171737859439
I,N,SPACE,0.0809033378450842
N,SPACE,D,0.2113761686613323
E,R,SPACE,0.2125815287675322
R,SPACE,D,0.1177741216219386
A,R,I,0.0588922990755818
R,I,S,0.0707520284223868
N,S,",",0.0188128452047021
S,",",SPACE,0.1666191495481404
",",SPACE,À,0.0204222041389498
SPACE,L,SQT,0.2893641978722006
L,SQT,O,0.0326417705740626
T,U,R,0.0594422422938466
S,E,C,0.0216392897556168
N,SPACE,E,0.07869118700867
L,I,M,0.0173108800157656
G,E,S,0.0298291393828555
É,N,É,0.0236471109891225
É,D,I,0.0286191002573753
D,I,C,0.0124583269089792
T,I,N,0.0364018752072387
S,SPACE,E,0.1848037199050347
T,SPACE,B,0.0175404129416493
SPACE,B,R,0.0363302731631942
B,R,I,0.0207807363214822
R,I,V,0.0230198241414017
I,V,E,0.0681605228355679
V,E,SPACE,0.0384911225611261
E,SPACE,V,0.0673967801267679
I,A,SPACE,0.0135747856488558
E,R,C,0.0245592587676018
R,C,H,0.0299493025632539
A,SPACE,D,0.0583513597071668
D,A,T,0.0191433778375977
SPACE,S,A,0.1342726791510391
S,A,SPACE,0.0533766301367857
A,SPACE,F,0.0590619927509102
M,E,T,0.0261935973266918
I,N,C,0.0430802338333808
N,C,O,0.0246236651883707
O,N,N,0.1122143282264248
N,N,U,0.0132887875859217
N,U,E,0.0165758265925121
U,E,.,0.022530913230401
.,RET,P,0.0178627805926934
P,A,T,0.0189486672544048
A,T,R,0.0226005765572935
R,I,M,0.0144516823298896
M,O,I,0.0256264293521924
RET,L,SQT,0.0152634828542447
L,SQT,A,0.0996449165529412
SQT,A,N,0.021204271453138
T,I,M,0.0170793710897078
I,M,E,0.0293836631926628
T,SPACE,V,0.0160322587710354
SPACE,V,O,0.0416255062335118
O,Y,A,0.0157358773864317
A,G,E,0.0822365973587793
R,SPACE,A,0.0395434172198777
A,SPACE,É,0.0269826365660226
SPACE,É,T,0.1030491547396689
É,T,É,0.0576912265169294
T,É,SPACE,0.1461319238185561
M,É,SPACE,0.0129671469538095
É,SPACE,E,0.0335088431787591
N,SPACE,L,0.0359504523750126
SPACE,L,O,0.0746117346492441
L,O,G,0.0319079847735623
N,T,.,0.0172310197823143
T,.,SPACE,0.0223465300443443
.,SPACE,L,0.1037491434805877
E,SPACE,H,0.0302505493822485
SPACE,H,A,0.0381792873638401
SPACE,M,A,0.1899064048074442
M,A,R,0.0671056742897988
A,R,C,0.0343875667278784
C,H,A,0.0992829356908597
H,A,N,0.0348629998263709
A,N,D,0.111737366524024
N,D,I,0.0403160332879502
S,E,S,0.0734694760580378
T,SPACE,À,0.0570046410224745
N,D,O,0.0100634333394832
R,SPACE,U,0.0385702557756454
U,N,SPACE,0.1945703990296927
R,R,A,0.0168114552925178
I,C,H,0.0222860383409014
",",SPACE,M,0.0371684887087445
.,RET,S,0.0187353151601354
L,E,S,0.3842069120397729
S,SPACE,G,0.0296820205774405
E,SPACE,B,0.0832236653702746
A,I,L,0.0386607416704102
L,A,R,0.0199992282526263
A,R,D,0.0444189553098213
R,D,E,0.0124798764957835
RET,L,E,0.0638001242627096
",",SPACE,U,0.0272268030781012
E,SPACE,M,0.1543434908061988
M,A,T,0.0512910924436025
T,É,R,0.0312729244157226
É,R,I,0.0806593763896273
R,I,E,0.0895381976247386
I,E,L,0.0228660875995546
E,L,SPACE,0.0469846983283325
L,SPACE,D,0.0519110718189814
SPACE,G,U,0.0249066992510437
G,U,E,0.0438946814523086
U,E,R,0.0279481736322247
R,R,E,0.0460847980226305
M,P,R,0.0129237122330015
P,R,E,0.0828637723574337
R,E,N,0.0972181832825267
N,A,N,0.0335336736715129
A,N,T,0.2771897252523816
N,T,",",0.0266510227254845
T,",",SPACE,0.0624138669330243
A,U,T,0.0761197210462583
U,T,R,0.0338607203418372
E,S,",",0.0695531928450636
SPACE,C,A,0.1264652787650438
C,A,N,0.0277798407872048
A,N,O,0.0126916254201004
N,O,N,0.024191610886153
S,SPACE,H,0.0244613535514285
SPACE,H,O,0.0271800128852995
T,C,H,0.0143211171863105
I,S,S,0.0715708754379287
SPACE,A,V,0.1121062447452038
A,V,E,0.0916314342619964
V,E,C,0.0722331337604288
E,C,SPACE,0.0749293673564749
SPACE,G,R,0.0733564152933594
G,R,A,0.0745017497338934
N,D,E,0.0675956850499531
E,SPACE,Q,0.0663325362594163
SPACE,Q,U,0.2660746497070345
Q,U,A,0.0427042345549698
U,A,N,0.0177573628475564
N,T,I,0.0619519302885511
I,T,É,0.0875794781314081
É,SPACE,D,0.0836518235966773
D,SQT,O,0.0172662149552265
U,S,SPACE,0.1152664282689193
SPACE,C,U,0.0164425584298269
U,I,S,0.0586780708302918
I,S,I,0.0352976639401393
S,I,N,0.0221007230792909
N,E,S,0.0703739785777574
S,SPACE,R,0.0702660069456029
SPACE,R,O,0.0592332523131691
R,O,U,0.0668108028675924
O,U,L,0.0244853451761839
U,L,A,0.0296593524999716
L,A,N,0.0659664542648979
N,T,E,0.129648093083206
T,E,S,0.0869365324143831
T,SPACE,E,0.1128978937960853
N,SPACE,G,0.0199517483239147
I,D,É,0.0147388920910437
É,",",SPACE,0.017741648053719
",",SPACE,P,0.0547971319223184
R,É,S,0.067492448361612
S,I,S,0.0144187987043509
S,T,A,0.0571727128863393
T,A,N,0.0833453012300481
N,C,E,0.1343442066290392
.,RET,E,0.0341364655736793
S,I,È,0.0134634399031965
C,L,E,0.0160854616436474
L,E,",",0.0285435462129827
",",SPACE,C,0.0591145431706346
C,A,R,0.0480145299662371
SPACE,J,U,0.0400091194495883
T,R,O,0.0669440896717886
R,O,P,0.040061986775001
SPACE,P,R,0.2689527498851419
P,R,O,0.1159811810866106
R,O,C,0.0235468383010426
O,C,H,0.0170919541096843
H,E,SPACE,0.0355327520363237
T,.,RET,0.0169963604408846
B,L,E,0.0656367232169786
L,E,N,0.0207121542022321
O,C,A,0.0151840700170592
C,A,M,0.012327482142734
A,M,P,0.0268788592738603
M,P,I,0.0211292766540776
I,N,A,0.049455574696976
S,SPACE,B,0.0346028388977886
SPACE,B,L,0.0154822969112594
S,O,U,0.0551535762556103
O,U,S,0.0527362010237561
F,A,M,0.0142715680498695
A,M,I,0.029347125830953
M,I,L,0.0387826012283167
D,SQT,I,0.0153648367499671
SQT,I,N,0.0351993858937445
N,S,E,0.0426519637579116
C,T,E,0.0282254101849529
SQT,O,R,0.0175414755077806
O,R,D,0.0474731618430674
D,R,E,0.0357628628490508
È,R,E,0.1113712099634614
SPACE,F,A,0.0907865450554808
S,SPACE,T,0.0670005175258169
T,E,N,0.0664799160459863
D,I,N,0.0109576852673291
I,N,I,0.0432180878077907
I,D,A,0.0101335813456637
S,SPACE,F,0.0597681331904842
SPACE,S,Y,0.015772545238719
),.,RET,0.0190981162487042
A,M,B,0.0121237863512022
M,B,A,0.0107431401163508
D,I,V,0.0165731794979392
I,V,I,0.0312167761843605
V,I,S,0.0272759048182765
S,I,O,0.0618390186559614
N,SPACE,A,0.0828076986921158
SPACE,A,D,0.018386551129407
N,I,S,0.0535168888661246
R,A,T,0.0657405005091409
T,I,V,0.034092229267895
A,SPACE,P,0.111129299074223
V,I,N,0.017811423229678
E,SPACE,N,0.0944551571522939
SPACE,N,I,0.0177066579374286
A,SPACE,A,0.0152288469266647
U,SPACE,N,0.0220742521335624
N,O,R,0.0263141892618451
R,D,SPACE,0.0336941025158363
D,SPACE,D,0.0211572389206922
U,SPACE,M,0.041645545857919
E,.,SPACE,0.1062884155533705
N,SPACE,2,0.0396134347354807
SPACE,2,0,0.0787534869386874
2,0,0,0.0329776906036593
P,O,P,0.0124939694781573
O,P,U,0.0122469135318618
P,U,L,0.0146948794833923
L,A,T,0.0364962758193296
E,SPACE,.,0.0158548288686102
SPACE,.,RET,0.0170580452010364
L,A,G,0.0141509947562273
L,I,C,0.0231896296657966
C,H,I,0.0344897967746214
H,I,N,0.0123494977673152
I,N,G,0.0316696903374726
É,V,E,0.0118365393070259
E,R,I,0.0217939210899955
R,I,N,0.0381483610969643
E,SPACE,R,0.1365882158078829
SPACE,R,I,0.0224905357174095
R,I,G,0.0232786428811864
N,É,SPACE,0.0296574697073529
G,E,N,0.0264902396924506
),SPACE,E,0.0275671038628009
N,SPACE,P,0.0904054939275681
SPACE,P,E,0.1118792284233154
E,I,N,0.0298858095765277
T,SPACE,G,0.0129047351747258
R,A,V,0.0285892365566309
R,SPACE,F,0.0124930746856256
I,S,.,0.0151748983936096
.,RET,B,0.0115563387540366
RET,B,I,0.0101973353135449
B,I,O,0.0134327746174758
I,O,G,0.0102947372089191
O,G,R,0.0291211907167071
R,A,P,0.0420634885362518
A,P,H,0.025431122240645
P,H,I,0.0344213637874599
H,I,E,0.0248236886022205
SPACE,F,I,0.069713360708232
F,I,L,0.0288867550734103
I,L,S,0.0277070643279625
L,S,SPACE,0.04328890690837
L,SQT,É,0.0502570105411725
SQT,É,C,0.0127250310079493
É,C,R,0.0181818859792992
I,V,A,0.0230305057272485
V,A,I,0.0390525675917251
SPACE,R,A,0.0537185900159712
O,N,D,0.0744580540319303
N,D,SPACE,0.0496712569801299
N,U,SPACE,0.0130588631883054
U,SPACE,S,0.0467241832110399
N,O,M,0.0608863815154242
O,M,SPACE,0.0175805667565078
M,SPACE,D,0.0152911095736599
SPACE,P,L,0.1146676442916343
P,L,U,0.0787501314666936
U,M,E,0.0205202025626784
R,O,N,0.0487066519894817
O,N,C,0.0437823663480733
U,R,T,0.0142396724244178
SQT,A,R,0.0286008502180315
A,R,R,0.0379432299090797
R,I,È,0.0160453637533221
I,È,R,0.0689772633603582
P,E,T,0.0135119264735062
E,T,I,0.0171321824905872
R,SPACE,S,0.0444166437624478
A,SPACE,M,0.0562630071458111
O,N,O,0.0169398766623231
.,SPACE,I,0.0572937895007805
SPACE,I,L,0.1452473468349588
I,L,SPACE,0.1904244710417684
L,SPACE,E,0.0606470617962253
SPACE,B,E,0.0343528748757652
O,I,S,0.0826005355795238
É,R,A,0.0503114251120045
R,A,S,0.0139222634153199
R,E,M,0.0790867785152223
M,I,E,0.0361269502018839
I,E,R,0.1050906239006675
D,SQT,E,0.026063106749157
SQT,E,N,0.0302744850824706
T,R,É,0.0128787116252631
R,É,E,0.0261947158173564
É,C,O,0.0334061657357503
C,O,L,0.0443968837607068
O,L,E,0.0269167388243675
SPACE,A,R,0.0470597676934372
R,T,S,0.0143560327365566
D,É,C,0.0391259405793218
T,I,F,0.026409093194735
SPACE,1,9,0.0981631401205004
SPACE,P,U,0.0461786021063669
P,U,I,0.0391871593016967
SPACE,N,A,0.0480972050678609
N,A,T,0.0590068325196352
O,N,A,0.0436757741877385
N,A,L,0.0628739207848787
A,U,X,0.0856909625687914
A,N,N,0.0542525388177325
N,N,É,0.0393494709386389
N,É,E,0.0525452746673116
S,U,I,0.0384305562916389
U,I,V,0.0169019411872826
V,A,N,0.0476733343890058
T,E,.,0.0142806278242526
E,SPACE,J,0.0423521523352699
SPACE,L,U,0.0336236189624565
L,U,I,0.029604061778119
U,I,SPACE,0.1157139363838193
I,SPACE,D,0.033091813934469
É,C,E,0.0112135586483638
C,E,R,0.029257572011742
E,R,N,0.0538598926699303
R,N,E,0.0288563507688447
E,SPACE,U,0.0444375036133423
SPACE,M,É,0.0314961005863292
M,É,D,0.0162843852083437
D,A,I,0.0129703346522036
A,R,G,0.0204774948608024
R,G,E,0.0247014002895593
S,SPACE,U,0.0337523572379501
O,R,SPACE,0.0121935988101833
S,A,L,0.0126606805117135
A,L,O,0.0275828745811715
L,O,N,0.0515431629563776
R,T,I,0.0951579234783631
T,I,S,0.0252738810947155
S,T,E,0.0821449184073056
RET,I,L,0.0172930400896655
T,SPACE,P,0.1288657461463517
P,E,N,0.0368482089069409
E,N,S,0.0711986417447552
N,S,I,0.0405693527819674
N,N,A,0.0345854277264433
N,A,I,0.0324411879148805
C,A,S,0.0173813262861233
SPACE,V,E,0.0434126865419173
E,Z,SPACE,0.0107599547593417
D,SPACE,E,0.0125399767274939
E,SPACE,1,0.0443162405837903
T,SPACE,1,0.0114904782954037
SPACE,(,1,0.0176348881197845
R,O,M,0.0227648828359208
M,O,T,0.011702600049942
),",",SPACE,0.0417928883614668
",",SPACE,A,0.0695917807729917
SPACE,A,P,0.0528989786984752
A,P,R,0.0297469489605196
P,R,È,0.0382120777818235
R,È,S,0.0525157651552776
È,S,SPACE,0.0630554145367186
A,V,O,0.0194135678991391
I,R,SPACE,0.0589704815730362
R,SPACE,P,0.0313032355127328
SPACE,S,SQT,0.0383615081346119
SPACE,R,E,0.1944978089855613
E,N,D,0.0786133959829482
N,D,R,0.0308595861906256
A,U,R,0.0168117908397171
R,É,A,0.0252052057679101
A,T,SPACE,0.0385362163764199
1,9,6,0.0116949383888896
RET,C,E,0.0103685203097595
C,E,T,0.0416036770240414
E,T,T,0.0658874701824673
T,T,E,0.0744832014303723
G,E,SPACE,0.0752198207405563
SPACE,D,R,0.017115293281552
E,S,S,0.0758093398868363
S,S,E,0.099283252596548
P,E,R,0.0625565117757809
E,R,S,0.1035443105568802
R,S,O,0.0166063241046331
L,I,T,0.0588446513732705
T,É,S,0.029983472453057
É,S,SPACE,0.0718531265571364
S,SPACE,M,0.0770057520677196
M,O,R,0.026123374754467
O,R,T,0.110793062138938
S,SPACE,(,0.0296987979374093
SPACE,(,C,0.0100038364285719
A,S,T,0.0244206032082155
T,E,A,0.0108128034432433
T,SPACE,C,0.0869771709085297
R,S,.,0.0103579692144903
M,A,N,0.0703392680841332
X,SPACE,E,0.0121529043915035
X,",",SPACE,0.0103948421233994
G,N,A,0.0105255936820893
SPACE,C,R,0.0427742147875506
S,E,N,0.0547010722157417
T,R,È,0.0120779655169764
S,SPACE,I,0.0440587267497809
I,S,O,0.0386698760108377
S,O,L,0.0196055941047371
L,É,E,0.0163202887586768
T,U,E,0.0215381036334941
SQT,U,N,0.0712444625789809
O,N,E,0.020419575685888
SPACE,B,O,0.0444376527454309
I,S,É,0.033336055012592
S,É,E,0.0326984221262237
S,A,N,0.0576349850780119
S,SPACE,N,0.0364502126454598
SPACE,N,É,0.0229884131952379
É,E,S,0.0644646754910722
SPACE,T,H,0.0250175603174151
I,A,T,0.0176631672920874
R,A,D,0.0194218074470348
D,O,U,0.0134124553704026
R,SPACE,E,0.0473258566225417
L,O,U,0.0149894339999105
L,L,É,0.0116826163500681
L,É,SPACE,0.0127411931980525
É,SPACE,À,0.0225604227424349
B,E,R,0.027936783668957
S,A,I,0.0496846602265939
N,T,-,0.0184056400367493
H,A,U,0.0161605869332853
U,T,E,0.049340892120834
V,I,E,0.0421908100569036
S,SPACE,O,0.0487432639172357
A,T,H,0.0146259245339207
U,SPACE,D,0.0607842073932144
U,R,G,0.0135408953817189
C,E,L,0.0293148014507465
I,S,",",0.0197535517781504
L,SQT,E,0.0427302767459435
SQT,E,X,0.0146175544954474
E,X,T,0.0142318429897657
É,M,I,0.017731637562271
M,I,T,0.0173712785116531
U,N,A,0.0116217704579147
A,L,SPACE,0.0678300461272056
",",SPACE,T,0.0195872135748157
SPACE,T,O,0.0821365297273212
T,O,U,0.0774507622201354
O,U,T,0.0574246156255147
U,T,SPACE,0.0695235714839632
I,M,I,0.0187809309377393
I,T,E,0.0879073263867088
C,SPACE,L,0.0304417740028702
A,SPACE,V,0.0375906443685806
D,É,S,0.0132664923386744
A,F,F,0.0155179581219486
F,F,E,0.0170087011212171
T,I,L,0.0241034365387617
I,L,I,0.0520504730388107
L,I,A,0.0148010056059503
N,A,SPACE,0.013146347799787
I,L,E,0.0244110028300112
E,S,C,0.0149451231280819
U,",",SPACE,0.0109155181692743
SPACE,V,A,0.0354715519554599
A,M,E,0.0195333396078049
",",SPACE,J,0.0102332015808559
SPACE,N,E,0.0423910198858641
",",SPACE,I,0.0647505803464509
SPACE,É,C,0.0259643999480075
N,E,",",0.0240599645349315
É,T,E,0.0115448369417024
S,E,",",0.0132772298490544
D,U,C,0.0174321244038065
U,C,T,0.0232034243839931
T,SPACE,J,0.0122424768522256
SPACE,J,O,0.0452909306319309
J,O,U,0.046946501872137
U,R,N,0.0242978115747553
R,N,A,0.0246181845841143
M,A,I,0.0728181230195173
Y,A,N,0.011124079395197
T,SPACE,R,0.0486995309322505
U,SPACE,L,0.0239434364491929
M,E,S,0.0439902937626195
S,SPACE,S,0.1580056902232017
I,M,P,0.0294094630439925
M,P,L,0.0339259842721157
P,L,E,0.0239321956180139
DQT,",",SPACE,0.0293934499859779
N,O,T,0.0201785409476702
O,T,A,0.0219615082745724
T,A,M,0.0147737144337344
A,M,M,0.0203201045827844
M,M,E,0.0958322055755075
E,N,F,0.013945714436254
F,A,N,0.0120928973673486
N,T,S,0.0738170470320572
C,I,N,0.0193783168016936
I,N,Q,0.0100932597572054
N,Q,U,0.0125115857061245
I,È,M,0.0196697209028399
È,M,E,0.0328868878032061
S,E,I,0.0247759663338649
E,I,G,0.010546994136805
C,A,T,0.0359975035489694
A,SPACE,E,0.023694087597035
O,R,G,0.0201563575494893
P,A,S,0.048229708928592
S,S,É,0.0146762379723159
S,É,SPACE,0.028193234936835
É,SPACE,S,0.0165173108892433
N,SPACE,V,0.0174411655366785
A,T,A,0.0155622689937772
T,A,L,0.0478817837658621
J,U,S,0.0191152291558724
U,S,Q,0.0146594792538583
S,Q,U,0.0371806243324552
Q,U,SQT,0.0511933922840511
U,SQT,E,0.0122103388871299
D,É,M,0.0155462559357626
N,A,G,0.0136355569749649
I,",",SPACE,0.0228549399759309
SPACE,C,SQT,0.0111346677734884
C,SQT,E,0.012798907316345
SQT,E,S,0.0374902411899232
I,C,I,0.0456311568505863
I,SPACE,Q,0.0129041572878824
I,SPACE,L,0.0247599719173614
S,SPACE,C,0.1463291323642334
É,L,É,0.0143206138655115
É,M,E,0.0113089099775195
R,E,",",0.0347076787560823
SPACE,A,I,0.0317379555510344
S,I,SPACE,0.0426690207405465
É,E,",",0.0103247686832632
F,A,C,0.014972712564475
C,U,L,0.0360472577420323
U,L,T,0.027103042086065
L,E,T,0.019603618104563
T,T,R,0.0132589984512216
SPACE,P,H,0.0194220125036567
H,I,L,0.0113610502840002
O,P,H,0.011627698458437
I,E,",",0.0159520443488736
F,O,I,0.0187727659558879
E,N,I,0.014828762815943
N,I,R,0.0113330693758746
E,N,C,0.0713312574545527
C,E,.,0.012634917943406
.,SPACE,S,0.0217568058414424
S,E,U,0.0238323889677108
I,T,T,0.0117092364278852
L,E,U,0.0552314418473764
SPACE,U,T,0.0128866901920038
U,T,I,0.0450881296329308
SQT,A,U,0.0239601392431174
T,E,L,0.020694556615776
E,L,S,0.0164564277140677
S,SPACE,Q,0.0485632055617488
SPACE,A,L,0.0602056680969584
D,R,A,0.010985964439632
R,A,SPACE,0.0270030863036734
A,S,I,0.0116205214766726
I,A,N,0.0230898789400268
",",SPACE,O,0.0225016087749889
SPACE,O,F,0.0149503986757165
E,L,I,0.0164791517160699
A,",",SPACE,0.0226010612365815
M,A,G,0.0183016204049429
L,",",SPACE,0.0221463388568949
S,I,G,0.0172061892895605
N,E,R,0.023149699549071
T,I,C,0.0314986171903245
SPACE,F,É,0.0105707620634274
É,SPACE,C,0.0159617938591666
C,H,O,0.0157829472018996
I,SPACE,P,0.0191191438731984
R,SPACE,M,0.016315702946952
L,SPACE,S,0.0280086653356676
V,E,A,0.0178938746331689
E,A,N,0.0154883926853814
U,SPACE,E,0.0167657463073584
A,R,A,0.042288510216455
S,E,L,0.0170825028635686
E,L,O,0.0250945870411827
SPACE,D,I,0.1091186816140558
D,I,R,0.0210348946834978
I,SPACE,A,0.0227152032089022
SPACE,:,SPACE,0.0386236450633682
O,I,SPACE,0.0147241466557823
O,N,F,0.0150634967234171
E,R,",",0.0178495824028513
R,",",SPACE,0.0355310370173047
C,E,S,0.0679477113451198
",",SPACE,Q,0.0327053567683441
I,SPACE,C,0.0142460291796948
C,E,P,0.0164179702767171
N,D,A,0.0519018069879764
P,O,R,0.0717182365829876
É,SPACE,A,0.0239921280761245
H,O,N,0.0140463413130444
N,E,U,0.0196943649804829
U,R,",",0.0104630141294058
",",SPACE,N,0.0221100997593623
SPACE,J,A,0.0255122128138273
A,M,A,0.0155259739717114
SPACE,J,E,0.0306847660997511
SPACE,N,SQT,0.0201119907531274
N,SPACE,C,0.0695513100524449
É,R,O,0.016211012220747
SPACE,L,É,0.0108525844278804
L,É,G,0.0127526390858534
E,M,A,0.026221951065039
A,SPACE,T,0.0306946647421327
M,I,È,0.0219175888744764
U,E,L,0.04208475850039
R,T,A,0.0342239501851608
T,A,G,0.0153661043727202
É,SPACE,L,0.0302552843260619
SPACE,M,E,̂,0.0190845079456185
M,E,̂,M,0.0225723533095238
